run_utc,host,build,universe,ticker,source,tone,coverage,toned,fresh,base,attempted
2026-09-01T06:22:16+00:00,ci,tone_only,225,NVDA,bloomberg,0.335,7,5,3,,
2026-09-01T06:22:16+00:00,ci,tone_only,225,NVDA,reddit,0.3355,7,7,0,,
2026-09-01T06:22:16+00:00,ci,tone_only,225,NVDA,yahoo,0.2312,15,13,15,,
2026-09-01T06:22:16+00:00,ci,tone_only,225,NVDA,stocktwits,0.5,30,12,30,0.7628,1
2026-09-01T06:22:16+00:00,ci,tone_only,225,AMD,bloomberg,,0,0,0,,
2026-09-01T06:22:16+00:00,ci,tone_only,225,AMD,reddit,0.4643,2,2,0,,
2026-09-01T06:22:16+00:00,ci,tone_only,225,AMD,yahoo,0.2419,16,15,3,,
2026-09-01T06:22:16+00:00,ci,tone_only,225,AMD,stocktwits,1.0,30,17,8,0.7628,1
2026-09-01T06:22:16+00:00,ci,tone_only,225,AVGO,bloomberg,,0,0,0,,
2026-09-01T06:22:16+00:00,ci,tone_only,225,AVGO,reddit,0.35,2,2,0,,
2026-09-01T06:22:16+00:00,ci,tone_only,225,AVGO,yahoo,0.1344,15,9,2,,
2026-09-01T06:22:16+00:00,ci,tone_only,225,AVGO,stocktwits,0.625,30,16,12,0.7628,1
2026-09-01T06:22:16+00:00,ci,tone_only,225,TSM,bloomberg,,0,0,0,,
2026-09-01T06:22:16+00:00,ci,tone_only,225,TSM,reddit,-0.0222,3,3,0,,
2026-09-01T06:22:16+00:00,ci,tone_only,225,TSM,yahoo,0.3819,20,12,0,,
2026-09-01T06:22:16+00:00,ci,tone_only,225,TSM,stocktwits,1.0,30,6,2,0.7628,1
2026-09-01T06:22:16+00:00,ci,tone_only,225,MU,bloomberg,,0,0,0,,
2026-09-01T06:22:16+00:00,ci,tone_only,225,MU,reddit,0.4,1,1,0,,
2026-09-01T06:22:16+00:00,ci,tone_only,225,MU,yahoo,0.465,19,15,3,,
2026-09-01T06:22:16+00:00,ci,tone_only,225,MU,stocktwits,0.619,30,21,30,0.7628,1
2026-09-01T06:22:16+00:00,ci,tone_only,225,INTC,bloomberg,,0,0,0,,
2026-09-01T06:22:16+00:00,ci,tone_only,225,INTC,reddit,0.0333,1,1,0,,
2026-09-01T06:22:16+00:00,ci,tone_only,225,INTC,yahoo,0.3817,14,10,1,,
2026-09-01T06:22:16+00:00,ci,tone_only,225,INTC,stocktwits,0.7647,30,17,30,0.7628,1
2026-09-01T06:22:16+00:00,ci,tone_only,225,ANET,bloomberg,,0,0,0,,
2026-09-01T06:22:16+00:00,ci,tone_only,225,ANET,reddit,,0,0,0,,
2026-09-01T06:22:16+00:00,ci,tone_only,225,ANET,yahoo,0.2718,19,15,0,,
2026-09-01T06:22:16+00:00,ci,tone_only,225,ANET,stocktwits,1.0,30,9,0,0.7628,1
2026-09-01T06:22:16+00:00,ci,tone_only,225,DELL,bloomberg,,0,0,0,,
2026-09-01T06:22:16+00:00,ci,tone_only,225,DELL,reddit,,0,0,0,,
2026-09-01T06:22:16+00:00,ci,tone_only,225,DELL,yahoo,0.178,18,9,1,,
2026-09-01T06:22:16+00:00,ci,tone_only,225,DELL,stocktwits,0.4,30,10,18,0.7628,1
2026-09-01T06:22:16+00:00,ci,tone_only,225,SMCI,bloomberg,,0,0,0,,
2026-09-01T06:22:16+00:00,ci,tone_only,225,SMCI,reddit,,0,0,0,,
2026-09-01T06:22:16+00:00,ci,tone_only,225,SMCI,yahoo,0.3991,20,13,0,,
2026-09-01T06:22:16+00:00,ci,tone_only,225,SMCI,stocktwits,1.0,30,23,30,0.7628,1
2026-09-01T06:22:16+00:00,ci,tone_only,225,MSFT,bloomberg,,0,0,0,,
2026-09-01T06:22:16+00:00,ci,tone_only,225,MSFT,reddit,0.3583,2,2,0,,
2026-09-01T06:22:16+00:00,ci,tone_only,225,MSFT,yahoo,-0.0066,11,7,3,,
2026-09-01T06:22:16+00:00,ci,tone_only,225,MSFT,stocktwits,0.2308,30,13,21,0.7628,1
2026-09-01T06:22:16+00:00,ci,tone_only,225,GOOGL,bloomberg,,0,0,0,,
2026-09-01T06:22:16+00:00,ci,tone_only,225,GOOGL,reddit,0.5,2,1,0,,
2026-09-01T06:22:16+00:00,ci,tone_only,225,GOOGL,yahoo,0.3986,16,7,0,,
2026-09-01T06:22:16+00:00,ci,tone_only,225,GOOGL,stocktwits,0.6,30,10,9,0.7628,1
2026-09-01T06:22:16+00:00,ci,tone_only,225,META,bloomberg,,0,0,0,,
2026-09-01T06:22:16+00:00,ci,tone_only,225,META,reddit,0.3222,3,3,0,,
2026-09-01T06:22:16+00:00,ci,tone_only,225,META,yahoo,0.1238,17,8,4,,
2026-09-01T06:22:16+00:00,ci,tone_only,225,META,stocktwits,-0.2222,30,18,20,0.7628,1
2026-09-01T06:22:16+00:00,ci,tone_only,225,AMZN,bloomberg,-0.55,3,2,0,,
2026-09-01T06:22:16+00:00,ci,tone_only,225,AMZN,reddit,0.1133,3,3,0,,
2026-09-01T06:22:16+00:00,ci,tone_only,225,AMZN,yahoo,-0.3208,10,6,5,,
2026-09-01T06:22:16+00:00,ci,tone_only,225,AMZN,stocktwits,0.4286,30,7,13,0.7628,1
2026-09-01T06:22:16+00:00,ci,tone_only,225,ORCL,bloomberg,,0,0,0,,
2026-09-01T06:22:16+00:00,ci,tone_only,225,ORCL,reddit,-0.05,1,1,0,,
2026-09-01T06:22:16+00:00,ci,tone_only,225,ORCL,yahoo,0.2745,9,8,1,,
2026-09-01T06:22:16+00:00,ci,tone_only,225,ORCL,stocktwits,1.0,30,14,13,0.7628,1
2026-09-01T06:22:16+00:00,ci,tone_only,225,PLTR,bloomberg,,0,0,0,,
2026-09-01T06:22:16+00:00,ci,tone_only,225,PLTR,reddit,,0,0,0,,
2026-09-01T06:22:16+00:00,ci,tone_only,225,PLTR,yahoo,0.4972,18,11,2,,
2026-09-01T06:22:16+00:00,ci,tone_only,225,PLTR,stocktwits,0.4286,30,14,22,0.7628,1
2026-09-01T06:22:16+00:00,ci,tone_only,225,NOW,bloomberg,,0,0,0,,
2026-09-01T06:22:16+00:00,ci,tone_only,225,NOW,reddit,,0,0,0,,
2026-09-01T06:22:16+00:00,ci,tone_only,225,NOW,yahoo,0.4163,18,12,0,,
2026-09-01T06:22:16+00:00,ci,tone_only,225,NOW,stocktwits,1.0,30,10,11,0.7628,1
2026-09-01T06:22:16+00:00,ci,tone_only,225,CRM,bloomberg,,0,0,0,,
2026-09-01T06:22:16+00:00,ci,tone_only,225,CRM,reddit,-0.0083,1,1,0,,
2026-09-01T06:22:16+00:00,ci,tone_only,225,CRM,yahoo,0.427,15,12,1,,
2026-09-01T06:22:16+00:00,ci,tone_only,225,CRM,stocktwits,0.0769,30,13,4,0.7628,1
2026-09-01T06:22:16+00:00,ci,tone_only,225,ADBE,bloomberg,,0,0,0,,
2026-09-01T06:22:16+00:00,ci,tone_only,225,ADBE,reddit,-0.35,1,1,0,,
2026-09-01T06:22:16+00:00,ci,tone_only,225,ADBE,yahoo,0.3291,17,13,2,,
2026-09-01T06:22:16+00:00,ci,tone_only,225,ADBE,stocktwits,0.8182,30,11,1,0.7628,1
2026-09-01T06:22:16+00:00,ci,tone_only,225,PANW,bloomberg,,0,0,0,,
2026-09-01T06:22:16+00:00,ci,tone_only,225,PANW,reddit,,0,0,0,,
2026-09-01T06:22:16+00:00,ci,tone_only,225,PANW,yahoo,0.1965,15,9,1,,
2026-09-01T06:22:16+00:00,ci,tone_only,225,PANW,stocktwits,0.4667,30,15,9,0.7628,1
2026-09-01T06:22:16+00:00,ci,tone_only,225,QCOM,bloomberg,,0,0,0,,
2026-09-01T06:22:16+00:00,ci,tone_only,225,QCOM,reddit,-0.5,1,1,0,,
2026-09-01T06:22:16+00:00,ci,tone_only,225,QCOM,yahoo,0.2525,14,9,0,,
2026-09-01T06:22:16+00:00,ci,tone_only,225,QCOM,stocktwits,0.8571,30,14,2,0.7628,1
2026-09-01T06:22:16+00:00,ci,tone_only,225,TXN,bloomberg,,0,0,0,,
2026-09-01T06:22:16+00:00,ci,tone_only,225,TXN,reddit,,0,0,0,,
2026-09-01T06:22:16+00:00,ci,tone_only,225,TXN,yahoo,0.3594,18,13,0,,
2026-09-01T06:22:16+00:00,ci,tone_only,225,TXN,stocktwits,0.8333,30,12,0,0.7628,1
2026-09-01T06:22:16+00:00,ci,tone_only,225,IBM,bloomberg,,0,0,0,,
2026-09-01T06:22:16+00:00,ci,tone_only,225,IBM,reddit,,0,0,0,,
2026-09-01T06:22:16+00:00,ci,tone_only,225,IBM,yahoo,0.2789,16,14,1,,
2026-09-01T06:22:16+00:00,ci,tone_only,225,IBM,stocktwits,1.0,30,15,1,0.7628,1
2026-09-01T06:22:16+00:00,ci,tone_only,225,ACN,bloomberg,,0,0,0,,
2026-09-01T06:22:16+00:00,ci,tone_only,225,ACN,reddit,,0,0,0,,
2026-09-01T06:22:16+00:00,ci,tone_only,225,ACN,yahoo,0.0981,18,16,1,,
2026-09-01T06:22:16+00:00,ci,tone_only,225,ACN,stocktwits,0.6364,30,11,0,0.7628,1
2026-09-01T06:22:16+00:00,ci,tone_only,225,AAPL,bloomberg,,2,0,0,,
2026-09-01T06:22:16+00:00,ci,tone_only,225,AAPL,reddit,-0.65,2,1,1,,
2026-09-01T06:22:16+00:00,ci,tone_only,225,AAPL,yahoo,0.1112,18,10,6,,
2026-09-01T06:22:16+00:00,ci,tone_only,225,AAPL,stocktwits,0.6364,30,11,20,0.7628,1
2026-09-01T06:22:16+00:00,ci,tone_only,225,TSLA,bloomberg,,0,0,0,,
2026-09-01T06:22:16+00:00,ci,tone_only,225,TSLA,reddit,,0,0,0,,
2026-09-01T06:22:16+00:00,ci,tone_only,225,TSLA,yahoo,0.409,17,13,7,,
2026-09-01T06:22:16+00:00,ci,tone_only,225,TSLA,stocktwits,0.0,30,14,30,0.7628,1
2026-09-01T06:22:16+00:00,ci,tone_only,225,NFLX,bloomberg,,0,0,0,,
2026-09-01T06:22:16+00:00,ci,tone_only,225,NFLX,reddit,,0,0,0,,
2026-09-01T06:22:16+00:00,ci,tone_only,225,NFLX,yahoo,0.3389,18,15,1,,
2026-09-01T06:22:16+00:00,ci,tone_only,225,NFLX,stocktwits,-0.2308,30,13,9,0.7628,1
2026-09-01T06:22:16+00:00,ci,tone_only,225,UBER,bloomberg,,0,0,0,,
2026-09-01T06:22:16+00:00,ci,tone_only,225,UBER,reddit,,0,0,0,,
2026-09-01T06:22:16+00:00,ci,tone_only,225,UBER,yahoo,0.4842,17,10,0,,
2026-09-01T06:22:16+00:00,ci,tone_only,225,UBER,stocktwits,0.3333,30,15,5,0.7628,1
2026-09-01T06:22:16+00:00,ci,tone_only,225,SHOP,bloomberg,,0,0,0,,
2026-09-01T06:22:16+00:00,ci,tone_only,225,SHOP,reddit,,0,0,0,,
2026-09-01T06:22:16+00:00,ci,tone_only,225,SHOP,yahoo,0.4053,19,13,0,,
2026-09-01T06:22:16+00:00,ci,tone_only,225,SHOP,stocktwits,0.4118,30,17,2,0.7628,1
2026-09-01T06:22:16+00:00,ci,tone_only,225,JPM,bloomberg,,0,0,0,,
2026-09-01T06:22:16+00:00,ci,tone_only,225,JPM,reddit,,0,0,0,,
2026-09-01T06:22:16+00:00,ci,tone_only,225,JPM,yahoo,0.3546,20,13,0,,
2026-09-01T06:22:16+00:00,ci,tone_only,225,JPM,stocktwits,-0.1111,30,9,1,0.7628,1
2026-09-01T06:22:16+00:00,ci,tone_only,225,BAC,bloomberg,,0,0,0,,
2026-09-01T06:22:16+00:00,ci,tone_only,225,BAC,reddit,,0,0,0,,
2026-09-01T06:22:16+00:00,ci,tone_only,225,BAC,yahoo,0.1777,17,14,1,,
2026-09-01T06:22:16+00:00,ci,tone_only,225,BAC,stocktwits,-0.3333,30,6,2,0.7628,1
2026-09-01T06:22:16+00:00,ci,tone_only,225,WFC,bloomberg,,0,0,0,,
2026-09-01T06:22:16+00:00,ci,tone_only,225,WFC,reddit,,0,0,0,,
2026-09-01T06:22:16+00:00,ci,tone_only,225,WFC,yahoo,0.3926,18,14,0,,
2026-09-01T06:22:16+00:00,ci,tone_only,225,WFC,stocktwits,1.0,28,9,0,0.7628,1
2026-09-01T06:22:16+00:00,ci,tone_only,225,GS,bloomberg,,3,0,3,,
2026-09-01T06:22:16+00:00,ci,tone_only,225,GS,reddit,,2,0,0,,
2026-09-01T06:22:16+00:00,ci,tone_only,225,GS,yahoo,0.3891,19,7,0,,
2026-09-01T06:22:16+00:00,ci,tone_only,225,GS,stocktwits,0.3333,30,6,1,0.7628,1
2026-09-01T06:22:16+00:00,ci,tone_only,225,V,bloomberg,,0,0,0,,
2026-09-01T06:22:16+00:00,ci,tone_only,225,V,reddit,,0,0,0,,
2026-09-01T06:22:16+00:00,ci,tone_only,225,V,yahoo,0.2594,18,12,1,,
2026-09-01T06:22:16+00:00,ci,tone_only,225,V,stocktwits,1.0,30,10,1,0.7628,1
2026-09-01T06:22:16+00:00,ci,tone_only,225,MA,bloomberg,,0,0,0,,
2026-09-01T06:22:16+00:00,ci,tone_only,225,MA,reddit,,0,0,0,,
2026-09-01T06:22:16+00:00,ci,tone_only,225,MA,yahoo,0.3911,15,8,0,,
2026-09-01T06:22:16+00:00,ci,tone_only,225,MA,stocktwits,1.0,30,7,0,0.7628,1
2026-09-01T06:22:16+00:00,ci,tone_only,225,BRK-B,bloomberg,,0,0,0,,
2026-09-01T06:22:16+00:00,ci,tone_only,225,BRK-B,reddit,,0,0,0,,
2026-09-01T06:22:16+00:00,ci,tone_only,225,BRK-B,yahoo,0.1229,18,6,1,,
2026-09-01T06:22:16+00:00,ci,tone_only,225,BRK-B,stocktwits,0.4667,30,15,3,0.7628,1
2026-09-01T06:22:16+00:00,ci,tone_only,225,JNJ,bloomberg,0.55,1,1,0,,
2026-09-01T06:22:16+00:00,ci,tone_only,225,JNJ,reddit,,0,0,0,,
2026-09-01T06:22:16+00:00,ci,tone_only,225,JNJ,yahoo,0.4698,18,12,1,,
2026-09-01T06:22:16+00:00,ci,tone_only,225,JNJ,stocktwits,1.0,30,14,1,0.7628,1
2026-09-01T06:22:16+00:00,ci,tone_only,225,UNH,bloomberg,,0,0,0,,
2026-09-01T06:22:16+00:00,ci,tone_only,225,UNH,reddit,,0,0,0,,
2026-09-01T06:22:16+00:00,ci,tone_only,225,UNH,yahoo,0.35,17,10,0,,
2026-09-01T06:22:16+00:00,ci,tone_only,225,UNH,stocktwits,-0.125,30,16,0,0.7628,1
2026-09-01T06:22:16+00:00,ci,tone_only,225,PFE,bloomberg,,0,0,0,,
2026-09-01T06:22:16+00:00,ci,tone_only,225,PFE,reddit,-0.45,1,1,0,,
2026-09-01T06:22:16+00:00,ci,tone_only,225,PFE,yahoo,0.1458,18,12,0,,
2026-09-01T06:22:16+00:00,ci,tone_only,225,PFE,stocktwits,1.0,30,14,2,0.7628,1
2026-09-01T06:22:16+00:00,ci,tone_only,225,MRK,bloomberg,,0,0,0,,
2026-09-01T06:22:16+00:00,ci,tone_only,225,MRK,reddit,,0,0,0,,
2026-09-01T06:22:16+00:00,ci,tone_only,225,MRK,yahoo,0.067,16,10,1,,
2026-09-01T06:22:16+00:00,ci,tone_only,225,MRK,stocktwits,1.0,30,10,0,0.7628,1
2026-09-01T06:22:16+00:00,ci,tone_only,225,ABBV,bloomberg,,0,0,0,,
2026-09-01T06:22:16+00:00,ci,tone_only,225,ABBV,reddit,,0,0,0,,
2026-09-01T06:22:16+00:00,ci,tone_only,225,ABBV,yahoo,0.4162,18,12,0,,
2026-09-01T06:22:16+00:00,ci,tone_only,225,ABBV,stocktwits,1.0,30,8,0,0.7628,1
2026-09-01T06:22:16+00:00,ci,tone_only,225,LLY,bloomberg,0.45,1,1,0,,
2026-09-01T06:22:16+00:00,ci,tone_only,225,LLY,reddit,-0.45,1,1,0,,
2026-09-01T06:22:16+00:00,ci,tone_only,225,LLY,yahoo,0.278,19,15,2,,
2026-09-01T06:22:16+00:00,ci,tone_only,225,LLY,stocktwits,1.0,30,14,1,0.7628,1
2026-09-01T06:22:16+00:00,ci,tone_only,225,CVS,bloomberg,,0,0,0,,
2026-09-01T06:22:16+00:00,ci,tone_only,225,CVS,reddit,,0,0,0,,
2026-09-01T06:22:16+00:00,ci,tone_only,225,CVS,yahoo,0.1698,18,11,0,,
2026-09-01T06:22:16+00:00,ci,tone_only,225,CVS,stocktwits,1.0,30,23,0,0.7628,1
2026-09-01T06:22:16+00:00,ci,tone_only,225,PG,bloomberg,,0,0,0,,
2026-09-01T06:22:16+00:00,ci,tone_only,225,PG,reddit,,0,0,0,,
2026-09-01T06:22:16+00:00,ci,tone_only,225,PG,yahoo,0.2293,14,13,0,,
2026-09-01T06:22:16+00:00,ci,tone_only,225,PG,stocktwits,0.3333,28,9,0,0.7628,1
2026-09-01T06:22:16+00:00,ci,tone_only,225,KO,bloomberg,,0,0,0,,
2026-09-01T06:22:16+00:00,ci,tone_only,225,KO,reddit,,0,0,0,,
2026-09-01T06:22:16+00:00,ci,tone_only,225,KO,yahoo,0.322,15,11,0,,
2026-09-01T06:22:16+00:00,ci,tone_only,225,KO,stocktwits,0.6471,30,17,2,0.7628,1
2026-09-01T06:22:16+00:00,ci,tone_only,225,PEP,bloomberg,,0,0,0,,
2026-09-01T06:22:16+00:00,ci,tone_only,225,PEP,reddit,,0,0,0,,
2026-09-01T06:22:16+00:00,ci,tone_only,225,PEP,yahoo,0.2868,19,15,0,,
2026-09-01T06:22:16+00:00,ci,tone_only,225,PEP,stocktwits,0.6923,30,13,1,0.7628,1
2026-09-01T06:22:16+00:00,ci,tone_only,225,WMT,bloomberg,,0,0,0,,
2026-09-01T06:22:16+00:00,ci,tone_only,225,WMT,reddit,,0,0,0,,
2026-09-01T06:22:16+00:00,ci,tone_only,225,WMT,yahoo,0.1495,9,8,0,,
2026-09-01T06:22:16+00:00,ci,tone_only,225,WMT,stocktwits,0.4,30,10,8,0.7628,1
2026-09-01T06:22:16+00:00,ci,tone_only,225,COST,bloomberg,,0,0,0,,
2026-09-01T06:22:16+00:00,ci,tone_only,225,COST,reddit,,0,0,0,,
2026-09-01T06:22:16+00:00,ci,tone_only,225,COST,yahoo,0.3201,19,13,0,,
2026-09-01T06:22:16+00:00,ci,tone_only,225,COST,stocktwits,1.0,30,7,0,0.7628,1
2026-09-01T06:22:16+00:00,ci,tone_only,225,CL,bloomberg,,0,0,0,,
2026-09-01T06:22:16+00:00,ci,tone_only,225,CL,reddit,,0,0,0,,
2026-09-01T06:22:16+00:00,ci,tone_only,225,CL,yahoo,0.2415,16,12,0,,
2026-09-01T06:22:16+00:00,ci,tone_only,225,CL,stocktwits,1.0,30,4,0,0.7628,1
2026-09-01T06:22:16+00:00,ci,tone_only,225,KMB,bloomberg,,0,0,0,,
2026-09-01T06:22:16+00:00,ci,tone_only,225,KMB,reddit,,0,0,0,,
2026-09-01T06:22:16+00:00,ci,tone_only,225,KMB,yahoo,0.1583,18,16,0,,
2026-09-01T06:22:16+00:00,ci,tone_only,225,KMB,stocktwits,1.0,30,9,1,0.7628,1
2026-09-01T06:22:16+00:00,ci,tone_only,225,GIS,bloomberg,,0,0,0,,
2026-09-01T06:22:16+00:00,ci,tone_only,225,GIS,reddit,,0,0,0,,
2026-09-01T06:22:16+00:00,ci,tone_only,225,GIS,yahoo,0.2196,19,11,0,,
2026-09-01T06:22:16+00:00,ci,tone_only,225,GIS,stocktwits,0.6923,30,13,0,0.7628,1
2026-09-01T06:22:16+00:00,ci,tone_only,225,KHC,bloomberg,,0,0,0,,
2026-09-01T06:22:16+00:00,ci,tone_only,225,KHC,reddit,,0,0,0,,
2026-09-01T06:22:16+00:00,ci,tone_only,225,KHC,yahoo,-0.0205,17,10,0,,
2026-09-01T06:22:16+00:00,ci,tone_only,225,KHC,stocktwits,0.875,30,16,0,0.7628,1
2026-09-01T06:22:16+00:00,ci,tone_only,225,MO,bloomberg,,0,0,0,,
2026-09-01T06:22:16+00:00,ci,tone_only,225,MO,reddit,,0,0,0,,
2026-09-01T06:22:16+00:00,ci,tone_only,225,MO,yahoo,0.2407,18,15,0,,
2026-09-01T06:22:16+00:00,ci,tone_only,225,MO,stocktwits,0.7778,30,9,0,0.7628,1
2026-09-01T06:22:16+00:00,ci,tone_only,225,PM,bloomberg,,0,0,0,,
2026-09-01T06:22:16+00:00,ci,tone_only,225,PM,reddit,,0,0,0,,
2026-09-01T06:22:16+00:00,ci,tone_only,225,PM,yahoo,0.2708,20,16,0,,
2026-09-01T06:22:16+00:00,ci,tone_only,225,PM,stocktwits,0.6,30,10,0,0.7628,1
2026-09-01T06:22:16+00:00,ci,tone_only,225,MCD,bloomberg,,0,0,0,,
2026-09-01T06:22:16+00:00,ci,tone_only,225,MCD,reddit,,0,0,0,,
2026-09-01T06:22:16+00:00,ci,tone_only,225,MCD,yahoo,-0.2102,15,11,0,,
2026-09-01T06:22:16+00:00,ci,tone_only,225,MCD,stocktwits,-0.1429,30,7,2,0.7628,1
2026-09-01T06:22:16+00:00,ci,tone_only,225,SBUX,bloomberg,,0,0,0,,
2026-09-01T06:22:16+00:00,ci,tone_only,225,SBUX,reddit,,0,0,0,,
2026-09-01T06:22:16+00:00,ci,tone_only,225,SBUX,yahoo,0.1449,18,13,0,,
2026-09-01T06:22:16+00:00,ci,tone_only,225,SBUX,stocktwits,0.5385,30,13,0,0.7628,1
2026-09-01T06:22:16+00:00,ci,tone_only,225,NKE,bloomberg,,0,0,0,,
2026-09-01T06:22:16+00:00,ci,tone_only,225,NKE,reddit,-0.6333,1,1,0,,
2026-09-01T06:22:16+00:00,ci,tone_only,225,NKE,yahoo,0.0256,16,7,2,,
2026-09-01T06:22:16+00:00,ci,tone_only,225,NKE,stocktwits,0.2727,30,11,23,0.7628,1
2026-09-01T06:22:16+00:00,ci,tone_only,225,HD,bloomberg,,0,0,0,,
2026-09-01T06:22:16+00:00,ci,tone_only,225,HD,reddit,,0,0,0,,
2026-09-01T06:22:16+00:00,ci,tone_only,225,HD,yahoo,0.2392,18,10,0,,
2026-09-01T06:22:16+00:00,ci,tone_only,225,HD,stocktwits,0.0,30,12,0,0.7628,1
2026-09-01T06:22:16+00:00,ci,tone_only,225,LOW,bloomberg,,0,0,0,,
2026-09-01T06:22:16+00:00,ci,tone_only,225,LOW,reddit,,0,0,0,,
2026-09-01T06:22:16+00:00,ci,tone_only,225,LOW,yahoo,0.2032,18,13,0,,
2026-09-01T06:22:16+00:00,ci,tone_only,225,LOW,stocktwits,-0.3333,30,3,1,0.7628,1
2026-09-01T06:22:16+00:00,ci,tone_only,225,TGT,bloomberg,0.15,1,1,0,,
2026-09-01T06:22:16+00:00,ci,tone_only,225,TGT,reddit,0.0429,3,3,0,,
2026-09-01T06:22:16+00:00,ci,tone_only,225,TGT,yahoo,0.0454,16,12,0,,
2026-09-01T06:22:16+00:00,ci,tone_only,225,TGT,stocktwits,0.6667,30,6,0,0.7628,1
2026-09-01T06:22:16+00:00,ci,tone_only,225,DIS,bloomberg,,0,0,0,,
2026-09-01T06:22:16+00:00,ci,tone_only,225,DIS,reddit,,0,0,0,,
2026-09-01T06:22:16+00:00,ci,tone_only,225,DIS,yahoo,0.2096,18,17,0,,
2026-09-01T06:22:16+00:00,ci,tone_only,225,DIS,stocktwits,0.6,30,10,5,0.7628,1
2026-09-01T06:22:16+00:00,ci,tone_only,225,XOM,bloomberg,,0,0,0,,
2026-09-01T06:22:16+00:00,ci,tone_only,225,XOM,reddit,,0,0,0,,
2026-09-01T06:22:16+00:00,ci,tone_only,225,XOM,yahoo,0.2372,14,10,1,,
2026-09-01T06:22:16+00:00,ci,tone_only,225,XOM,stocktwits,1.0,30,10,2,0.7628,1
2026-09-01T06:22:16+00:00,ci,tone_only,225,CVX,bloomberg,,0,0,0,,
2026-09-01T06:22:16+00:00,ci,tone_only,225,CVX,reddit,,0,0,0,,
2026-09-01T06:22:16+00:00,ci,tone_only,225,CVX,yahoo,0.2953,11,9,1,,
2026-09-01T06:22:16+00:00,ci,tone_only,225,CVX,stocktwits,0.6923,30,13,3,0.7628,1
2026-09-01T06:22:16+00:00,ci,tone_only,225,COP,bloomberg,,0,0,0,,
2026-09-01T06:22:16+00:00,ci,tone_only,225,COP,reddit,,0,0,0,,
2026-09-01T06:22:16+00:00,ci,tone_only,225,COP,yahoo,0.274,14,10,0,,
2026-09-01T06:22:16+00:00,ci,tone_only,225,COP,stocktwits,0.8333,30,12,0,0.7628,1
2026-09-01T06:22:16+00:00,ci,tone_only,225,NEE,bloomberg,,0,0,0,,
2026-09-01T06:22:16+00:00,ci,tone_only,225,NEE,reddit,,0,0,0,,
2026-09-01T06:22:16+00:00,ci,tone_only,225,NEE,yahoo,0.5213,11,9,0,,
2026-09-01T06:22:16+00:00,ci,tone_only,225,NEE,stocktwits,1.0,30,13,0,0.7628,1
2026-09-01T06:22:16+00:00,ci,tone_only,225,SO,bloomberg,,0,0,0,,
2026-09-01T06:22:16+00:00,ci,tone_only,225,SO,reddit,0.15,1,1,0,,
2026-09-01T06:22:16+00:00,ci,tone_only,225,SO,yahoo,0.3759,17,13,0,,
2026-09-01T06:22:16+00:00,ci,tone_only,225,SO,stocktwits,0.7778,30,9,0,0.7628,1
2026-09-01T06:22:16+00:00,ci,tone_only,225,DUK,bloomberg,,0,0,0,,
2026-09-01T06:22:16+00:00,ci,tone_only,225,DUK,reddit,,0,0,0,,
2026-09-01T06:22:16+00:00,ci,tone_only,225,DUK,yahoo,0.4921,14,9,0,,
2026-09-01T06:22:16+00:00,ci,tone_only,225,DUK,stocktwits,1.0,30,14,1,0.7628,1
2026-09-01T06:22:16+00:00,ci,tone_only,225,T,bloomberg,,0,0,0,,
2026-09-01T06:22:16+00:00,ci,tone_only,225,T,reddit,,0,0,0,,
2026-09-01T06:22:16+00:00,ci,tone_only,225,T,yahoo,0.379,19,14,1,,
2026-09-01T06:22:16+00:00,ci,tone_only,225,T,stocktwits,1.0,30,14,0,0.7628,1
2026-09-01T06:22:16+00:00,ci,tone_only,225,VZ,bloomberg,,0,0,0,,
2026-09-01T06:22:16+00:00,ci,tone_only,225,VZ,reddit,,0,0,0,,
2026-09-01T06:22:16+00:00,ci,tone_only,225,VZ,yahoo,0.2652,18,14,1,,
2026-09-01T06:22:16+00:00,ci,tone_only,225,VZ,stocktwits,1.0,30,11,1,0.7628,1
2026-09-01T06:22:16+00:00,ci,tone_only,225,O,bloomberg,,0,0,0,,
2026-09-01T06:22:16+00:00,ci,tone_only,225,O,reddit,,0,0,0,,
2026-09-01T06:22:16+00:00,ci,tone_only,225,O,yahoo,0.2165,19,18,0,,
2026-09-01T06:22:16+00:00,ci,tone_only,225,O,stocktwits,0.7778,30,9,0,0.7628,1
2026-09-01T06:22:16+00:00,ci,tone_only,225,CAT,bloomberg,,0,0,0,,
2026-09-01T06:22:16+00:00,ci,tone_only,225,CAT,reddit,,0,0,0,,
2026-09-01T06:22:16+00:00,ci,tone_only,225,CAT,yahoo,0.4333,19,15,0,,
2026-09-01T06:22:16+00:00,ci,tone_only,225,CAT,stocktwits,0.2,30,10,1,0.7628,1
2026-09-01T06:22:16+00:00,ci,tone_only,225,DE,bloomberg,,0,0,0,,
2026-09-01T06:22:16+00:00,ci,tone_only,225,DE,reddit,,0,0,0,,
2026-09-01T06:22:16+00:00,ci,tone_only,225,DE,yahoo,0.4815,16,14,0,,
2026-09-01T06:22:16+00:00,ci,tone_only,225,DE,stocktwits,0.6667,30,6,0,0.7628,1
2026-09-01T06:22:16+00:00,ci,tone_only,225,UNP,bloomberg,,0,0,0,,
2026-09-01T06:22:16+00:00,ci,tone_only,225,UNP,reddit,,0,0,0,,
2026-09-01T06:22:16+00:00,ci,tone_only,225,UNP,yahoo,0.28,17,11,0,,
2026-09-01T06:22:16+00:00,ci,tone_only,225,UNP,stocktwits,1.0,30,11,0,0.7628,1
2026-09-01T06:22:16+00:00,ci,tone_only,225,GE,bloomberg,,0,0,0,,
2026-09-01T06:22:16+00:00,ci,tone_only,225,GE,reddit,,0,0,0,,
2026-09-01T06:22:16+00:00,ci,tone_only,225,GE,yahoo,0.4367,17,13,0,,
2026-09-01T06:22:16+00:00,ci,tone_only,225,GE,stocktwits,1.0,30,12,2,0.7628,1
2026-09-01T06:22:16+00:00,ci,tone_only,225,BA,bloomberg,,0,0,0,,
2026-09-01T06:22:16+00:00,ci,tone_only,225,BA,reddit,,0,0,0,,
2026-09-01T06:22:16+00:00,ci,tone_only,225,BA,yahoo,0.2805,12,10,0,,
2026-09-01T06:22:16+00:00,ci,tone_only,225,BA,stocktwits,0.3846,30,13,7,0.7628,1
2026-09-01T06:22:16+00:00,ci,tone_only,225,LMT,bloomberg,,0,0,0,,
2026-09-01T06:22:16+00:00,ci,tone_only,225,LMT,reddit,,0,0,0,,
2026-09-01T06:22:16+00:00,ci,tone_only,225,LMT,yahoo,0.3417,15,11,1,,
2026-09-01T06:22:16+00:00,ci,tone_only,225,LMT,stocktwits,1.0,30,12,1,0.7628,1
2026-09-01T06:22:16+00:00,ci,tone_only,225,RTX,bloomberg,,0,0,0,,
2026-09-01T06:22:16+00:00,ci,tone_only,225,RTX,reddit,,0,0,0,,
2026-09-01T06:22:16+00:00,ci,tone_only,225,RTX,yahoo,0.3789,18,13,0,,
2026-09-01T06:22:16+00:00,ci,tone_only,225,RTX,stocktwits,0.6,30,5,1,0.7628,1
2026-09-01T06:22:16+00:00,ci,tone_only,225,F,bloomberg,,0,0,0,,
2026-09-01T06:22:16+00:00,ci,tone_only,225,F,reddit,,0,0,0,,
2026-09-01T06:22:16+00:00,ci,tone_only,225,F,yahoo,0.1583,14,5,1,,
2026-09-01T06:22:16+00:00,ci,tone_only,225,F,stocktwits,0.3333,30,6,2,0.7628,1
2026-09-01T06:22:16+00:00,ci,tone_only,225,GM,bloomberg,,0,0,0,,
2026-09-01T06:22:16+00:00,ci,tone_only,225,GM,reddit,,0,0,0,,
2026-09-01T06:22:16+00:00,ci,tone_only,225,GM,yahoo,0.0226,11,7,2,,
2026-09-01T06:22:16+00:00,ci,tone_only,225,GM,stocktwits,-0.2,30,10,0,0.7628,1
2026-09-01T06:22:16+00:00,ci,tone_only,225,MP,bloomberg,,0,0,0,,
2026-09-01T06:22:16+00:00,ci,tone_only,225,MP,reddit,-0.35,1,1,0,,
2026-09-01T06:22:16+00:00,ci,tone_only,225,MP,yahoo,0.3237,18,14,0,,
2026-09-01T06:22:16+00:00,ci,tone_only,225,MP,stocktwits,1.0,30,13,2,0.7628,1
2026-09-01T06:22:16+00:00,ci,tone_only,225,UUUU,bloomberg,,0,0,0,,
2026-09-01T06:22:16+00:00,ci,tone_only,225,UUUU,reddit,,0,0,0,,
2026-09-01T06:22:16+00:00,ci,tone_only,225,UUUU,yahoo,0.2771,14,12,1,,
2026-09-01T06:22:16+00:00,ci,tone_only,225,UUUU,stocktwits,0.75,30,16,0,0.7628,1
2026-09-01T06:22:16+00:00,ci,tone_only,225,LEU,bloomberg,,0,0,0,,
2026-09-01T06:22:16+00:00,ci,tone_only,225,LEU,reddit,,0,0,0,,
2026-09-01T06:22:16+00:00,ci,tone_only,225,LEU,yahoo,0.1585,18,14,0,,
2026-09-01T06:22:16+00:00,ci,tone_only,225,LEU,stocktwits,1.0,30,7,1,0.7628,1
2026-09-01T06:22:16+00:00,ci,tone_only,225,LAC,bloomberg,,0,0,0,,
2026-09-01T06:22:16+00:00,ci,tone_only,225,LAC,reddit,,0,0,0,,
2026-09-01T06:22:16+00:00,ci,tone_only,225,LAC,yahoo,-0.0578,18,10,0,,
2026-09-01T06:22:16+00:00,ci,tone_only,225,LAC,stocktwits,0.8889,30,18,1,0.7628,1
2026-09-01T06:22:16+00:00,ci,tone_only,225,UAMY,bloomberg,,1,0,1,,
2026-09-01T06:22:16+00:00,ci,tone_only,225,UAMY,reddit,,0,0,0,,
2026-09-01T06:22:16+00:00,ci,tone_only,225,UAMY,yahoo,0.1252,16,13,0,,
2026-09-01T06:22:16+00:00,ci,tone_only,225,UAMY,stocktwits,0.8824,30,17,1,0.7628,1
2026-09-01T06:22:16+00:00,ci,tone_only,225,USAR,bloomberg,,0,0,0,,
2026-09-01T06:22:16+00:00,ci,tone_only,225,USAR,reddit,-0.35,1,1,0,,
2026-09-01T06:22:16+00:00,ci,tone_only,225,USAR,yahoo,0.0547,17,11,0,,
2026-09-01T06:22:16+00:00,ci,tone_only,225,USAR,stocktwits,0.8667,30,15,2,0.7628,1
2026-09-01T06:22:16+00:00,ci,tone_only,225,AREC,bloomberg,,0,0,0,,
2026-09-01T06:22:16+00:00,ci,tone_only,225,AREC,reddit,,0,0,0,,
2026-09-01T06:22:16+00:00,ci,tone_only,225,AREC,yahoo,0.1917,20,11,0,,
2026-09-01T06:22:16+00:00,ci,tone_only,225,AREC,stocktwits,0.75,30,8,0,0.7628,1
2026-09-01T06:22:16+00:00,ci,tone_only,225,NB,bloomberg,,0,0,0,,
2026-09-01T06:22:16+00:00,ci,tone_only,225,NB,reddit,,0,0,0,,
2026-09-01T06:22:16+00:00,ci,tone_only,225,NB,yahoo,0.5963,14,8,0,,
2026-09-01T06:22:16+00:00,ci,tone_only,225,NB,stocktwits,1.0,30,6,0,0.7628,1
2026-09-01T06:22:16+00:00,ci,tone_only,225,NOC,bloomberg,,0,0,0,,
2026-09-01T06:22:16+00:00,ci,tone_only,225,NOC,reddit,,0,0,0,,
2026-09-01T06:22:16+00:00,ci,tone_only,225,NOC,yahoo,0.4408,13,10,0,,
2026-09-01T06:22:16+00:00,ci,tone_only,225,NOC,stocktwits,1.0,30,8,0,0.7628,1
2026-09-01T06:22:16+00:00,ci,tone_only,225,GD,bloomberg,,0,0,0,,
2026-09-01T06:22:16+00:00,ci,tone_only,225,GD,reddit,,0,0,0,,
2026-09-01T06:22:16+00:00,ci,tone_only,225,GD,yahoo,0.4208,18,16,1,,
2026-09-01T06:22:16+00:00,ci,tone_only,225,GD,stocktwits,0.75,30,8,0,0.7628,1
2026-09-01T06:22:16+00:00,ci,tone_only,225,AVAV,bloomberg,,0,0,0,,
2026-09-01T06:22:16+00:00,ci,tone_only,225,AVAV,reddit,,0,0,0,,
2026-09-01T06:22:16+00:00,ci,tone_only,225,AVAV,yahoo,0.249,18,12,0,,
2026-09-01T06:22:16+00:00,ci,tone_only,225,AVAV,stocktwits,0.7895,30,19,2,0.7628,1
2026-09-01T06:22:16+00:00,ci,tone_only,225,KTOS,bloomberg,,0,0,0,,
2026-09-01T06:22:16+00:00,ci,tone_only,225,KTOS,reddit,,0,0,0,,
2026-09-01T06:22:16+00:00,ci,tone_only,225,KTOS,yahoo,0.222,19,14,0,,
2026-09-01T06:22:16+00:00,ci,tone_only,225,KTOS,stocktwits,0.4286,30,14,4,0.7628,1
2026-09-01T06:22:16+00:00,ci,tone_only,225,HII,bloomberg,,0,0,0,,
2026-09-01T06:22:16+00:00,ci,tone_only,225,HII,reddit,,0,0,0,,
2026-09-01T06:22:16+00:00,ci,tone_only,225,HII,yahoo,0.2078,16,12,0,,
2026-09-01T06:22:16+00:00,ci,tone_only,225,HII,stocktwits,1.0,30,11,0,0.7628,1
2026-09-01T06:22:16+00:00,ci,tone_only,225,BAESY,bloomberg,,0,0,0,,
2026-09-01T06:22:16+00:00,ci,tone_only,225,BAESY,reddit,,0,0,0,,
2026-09-01T06:22:16+00:00,ci,tone_only,225,BAESY,yahoo,0.4433,18,10,0,,
2026-09-01T06:22:16+00:00,ci,tone_only,225,BAESY,stocktwits,0.4,30,20,0,0.7628,1
2026-09-01T06:22:16+00:00,ci,tone_only,225,NEM,bloomberg,,0,0,0,,
2026-09-01T06:22:16+00:00,ci,tone_only,225,NEM,reddit,,0,0,0,,
2026-09-01T06:22:16+00:00,ci,tone_only,225,NEM,yahoo,0.4148,19,14,0,,
2026-09-01T06:22:16+00:00,ci,tone_only,225,NEM,stocktwits,0.5556,30,18,0,0.7628,1
2026-09-01T06:22:16+00:00,ci,tone_only,225,AEM,bloomberg,,0,0,0,,
2026-09-01T06:22:16+00:00,ci,tone_only,225,AEM,reddit,,0,0,0,,
2026-09-01T06:22:16+00:00,ci,tone_only,225,AEM,yahoo,0.3935,16,7,0,,
2026-09-01T06:22:16+00:00,ci,tone_only,225,AEM,stocktwits,1.0,30,18,0,0.7628,1
2026-09-01T06:22:16+00:00,ci,tone_only,225,GOLD,bloomberg,,0,0,0,,
2026-09-01T06:22:16+00:00,ci,tone_only,225,GOLD,reddit,,0,0,0,,
2026-09-01T06:22:16+00:00,ci,tone_only,225,GOLD,yahoo,0.2886,15,11,0,,
2026-09-01T06:22:16+00:00,ci,tone_only,225,GOLD,stocktwits,0.3333,30,9,1,0.7628,1
2026-09-01T06:22:16+00:00,ci,tone_only,225,CCJ,bloomberg,,0,0,0,,
2026-09-01T06:22:16+00:00,ci,tone_only,225,CCJ,reddit,,0,0,0,,
2026-09-01T06:22:16+00:00,ci,tone_only,225,CCJ,yahoo,0.2142,14,10,0,,
2026-09-01T06:22:16+00:00,ci,tone_only,225,CCJ,stocktwits,0.4286,30,14,1,0.7628,1
2026-09-01T06:22:16+00:00,ci,tone_only,225,UEC,bloomberg,,0,0,0,,
2026-09-01T06:22:16+00:00,ci,tone_only,225,UEC,reddit,,0,0,0,,
2026-09-01T06:22:16+00:00,ci,tone_only,225,UEC,yahoo,0.3184,16,11,0,,
2026-09-01T06:22:16+00:00,ci,tone_only,225,UEC,stocktwits,0.75,30,16,0,0.7628,1
2026-09-01T06:22:16+00:00,ci,tone_only,225,FCX,bloomberg,,0,0,0,,
2026-09-01T06:22:16+00:00,ci,tone_only,225,FCX,reddit,,0,0,0,,
2026-09-01T06:22:16+00:00,ci,tone_only,225,FCX,yahoo,0.3131,16,13,0,,
2026-09-01T06:22:16+00:00,ci,tone_only,225,FCX,stocktwits,0.6,30,10,0,0.7628,1
2026-09-01T06:22:16+00:00,ci,tone_only,225,SCCO,bloomberg,,0,0,0,,
2026-09-01T06:22:16+00:00,ci,tone_only,225,SCCO,reddit,,0,0,0,,
2026-09-01T06:22:16+00:00,ci,tone_only,225,SCCO,yahoo,0.2019,15,13,0,,
2026-09-01T06:22:16+00:00,ci,tone_only,225,SCCO,stocktwits,1.0,30,14,0,0.7628,1
2026-09-01T06:22:16+00:00,ci,tone_only,225,PAAS,bloomberg,,0,0,0,,
2026-09-01T06:22:16+00:00,ci,tone_only,225,PAAS,reddit,,0,0,0,,
2026-09-01T06:22:16+00:00,ci,tone_only,225,PAAS,yahoo,0.271,13,7,0,,
2026-09-01T06:22:16+00:00,ci,tone_only,225,PAAS,stocktwits,0.8947,30,19,1,0.7628,1
2026-09-01T06:22:16+00:00,ci,tone_only,225,LNG,bloomberg,,0,0,0,,
2026-09-01T06:22:16+00:00,ci,tone_only,225,LNG,reddit,,0,0,0,,
2026-09-01T06:22:16+00:00,ci,tone_only,225,LNG,yahoo,0.5046,18,15,0,,
2026-09-01T06:22:16+00:00,ci,tone_only,225,LNG,stocktwits,1.0,30,10,0,0.7628,1
2026-09-01T06:22:16+00:00,ci,tone_only,225,FRO,bloomberg,,0,0,0,,
2026-09-01T06:22:16+00:00,ci,tone_only,225,FRO,reddit,,0,0,0,,
2026-09-01T06:22:16+00:00,ci,tone_only,225,FRO,yahoo,0.4311,17,13,0,,
2026-09-01T06:22:16+00:00,ci,tone_only,225,FRO,stocktwits,1.0,30,6,0,0.7628,1
2026-09-01T06:22:16+00:00,ci,tone_only,225,STNG,bloomberg,,0,0,0,,
2026-09-01T06:22:16+00:00,ci,tone_only,225,STNG,reddit,,0,0,0,,
2026-09-01T06:22:16+00:00,ci,tone_only,225,STNG,yahoo,0.4226,17,16,0,,
2026-09-01T06:22:16+00:00,ci,tone_only,225,STNG,stocktwits,1.0,30,16,0,0.7628,1
2026-09-01T06:22:16+00:00,ci,tone_only,225,VLO,bloomberg,,0,0,0,,
2026-09-01T06:22:16+00:00,ci,tone_only,225,VLO,reddit,,0,0,0,,
2026-09-01T06:22:16+00:00,ci,tone_only,225,VLO,yahoo,0.346,15,13,0,,
2026-09-01T06:22:16+00:00,ci,tone_only,225,VLO,stocktwits,0.5,30,8,1,0.7628,1
2026-09-01T06:22:16+00:00,ci,tone_only,225,MPC,bloomberg,,0,0,0,,
2026-09-01T06:22:16+00:00,ci,tone_only,225,MPC,reddit,,0,0,0,,
2026-09-01T06:22:16+00:00,ci,tone_only,225,MPC,yahoo,0.4159,14,11,0,,
2026-09-01T06:22:16+00:00,ci,tone_only,225,MPC,stocktwits,1.0,30,15,2,0.7628,1
2026-09-01T06:22:16+00:00,ci,tone_only,225,PSX,bloomberg,,0,0,0,,
2026-09-01T06:22:16+00:00,ci,tone_only,225,PSX,reddit,,0,0,0,,
2026-09-01T06:22:16+00:00,ci,tone_only,225,PSX,yahoo,0.4524,17,16,0,,
2026-09-01T06:22:16+00:00,ci,tone_only,225,PSX,stocktwits,0.5556,30,9,0,0.7628,1
2026-09-01T06:22:16+00:00,ci,tone_only,225,CF,bloomberg,,0,0,0,,
2026-09-01T06:22:16+00:00,ci,tone_only,225,CF,reddit,,0,0,0,,
2026-09-01T06:22:16+00:00,ci,tone_only,225,CF,yahoo,0.4016,15,10,0,,
2026-09-01T06:22:16+00:00,ci,tone_only,225,CF,stocktwits,1.0,30,10,0,0.7628,1
2026-09-01T06:22:16+00:00,ci,tone_only,225,NTR,bloomberg,,0,0,0,,
2026-09-01T06:22:16+00:00,ci,tone_only,225,NTR,reddit,,0,0,0,,
2026-09-01T06:22:16+00:00,ci,tone_only,225,NTR,yahoo,0.266,16,12,0,,
2026-09-01T06:22:16+00:00,ci,tone_only,225,NTR,stocktwits,0.2,30,10,0,0.7628,1
2026-09-01T06:22:16+00:00,ci,tone_only,225,MOS,bloomberg,,0,0,0,,
2026-09-01T06:22:16+00:00,ci,tone_only,225,MOS,reddit,,0,0,0,,
2026-09-01T06:22:16+00:00,ci,tone_only,225,MOS,yahoo,-0.0229,16,12,0,,
2026-09-01T06:22:16+00:00,ci,tone_only,225,MOS,stocktwits,1.0,30,9,0,0.7628,1
2026-09-01T06:22:16+00:00,ci,tone_only,225,NUE,bloomberg,,0,0,0,,
2026-09-01T06:22:16+00:00,ci,tone_only,225,NUE,reddit,,0,0,0,,
2026-09-01T06:22:16+00:00,ci,tone_only,225,NUE,yahoo,0.2245,17,12,0,,
2026-09-01T06:22:16+00:00,ci,tone_only,225,NUE,stocktwits,1.0,30,4,0,0.7628,1
2026-09-01T06:22:16+00:00,ci,tone_only,225,STLD,bloomberg,,0,0,0,,
2026-09-01T06:22:16+00:00,ci,tone_only,225,STLD,reddit,,0,0,0,,
2026-09-01T06:22:16+00:00,ci,tone_only,225,STLD,yahoo,0.4037,17,14,0,,
2026-09-01T06:22:16+00:00,ci,tone_only,225,STLD,stocktwits,1.0,30,11,0,0.7628,1
2026-09-01T06:22:16+00:00,ci,tone_only,225,CLF,bloomberg,,0,0,0,,
2026-09-01T06:22:16+00:00,ci,tone_only,225,CLF,reddit,,0,0,0,,
2026-09-01T06:22:16+00:00,ci,tone_only,225,CLF,yahoo,0.4979,17,11,0,,
2026-09-01T06:22:16+00:00,ci,tone_only,225,CLF,stocktwits,0.8889,30,18,0,0.7628,1
2026-09-01T06:22:16+00:00,ci,tone_only,225,ADM,bloomberg,,0,0,0,,
2026-09-01T06:22:16+00:00,ci,tone_only,225,ADM,reddit,,0,0,0,,
2026-09-01T06:22:16+00:00,ci,tone_only,225,ADM,yahoo,0.3514,20,12,0,,
2026-09-01T06:22:16+00:00,ci,tone_only,225,ADM,stocktwits,0.5,30,12,0,0.7628,1
2026-09-01T06:22:16+00:00,ci,tone_only,225,VST,bloomberg,,0,0,0,,
2026-09-01T06:22:16+00:00,ci,tone_only,225,VST,reddit,,0,0,0,,
2026-09-01T06:22:16+00:00,ci,tone_only,225,VST,yahoo,0.149,18,14,1,,
2026-09-01T06:22:16+00:00,ci,tone_only,225,VST,stocktwits,1.0,30,15,1,0.7628,1
2026-09-01T06:22:16+00:00,ci,tone_only,225,CEG,bloomberg,,0,0,0,,
2026-09-01T06:22:16+00:00,ci,tone_only,225,CEG,reddit,-0.35,1,1,0,,
2026-09-01T06:22:16+00:00,ci,tone_only,225,CEG,yahoo,0.3682,19,14,0,,
2026-09-01T06:22:16+00:00,ci,tone_only,225,CEG,stocktwits,1.0,30,12,0,0.7628,1
2026-09-01T06:22:16+00:00,ci,tone_only,225,GEV,bloomberg,,0,0,0,,
2026-09-01T06:22:16+00:00,ci,tone_only,225,GEV,reddit,-0.35,1,1,0,,
2026-09-01T06:22:16+00:00,ci,tone_only,225,GEV,yahoo,0.0616,16,15,0,,
2026-09-01T06:22:16+00:00,ci,tone_only,225,GEV,stocktwits,1.0,30,14,4,0.7628,1
2026-09-01T06:22:16+00:00,ci,tone_only,225,PWR,bloomberg,,0,0,0,,
2026-09-01T06:22:16+00:00,ci,tone_only,225,PWR,reddit,,0,0,0,,
2026-09-01T06:22:16+00:00,ci,tone_only,225,PWR,yahoo,0.4654,19,15,0,,
2026-09-01T06:22:16+00:00,ci,tone_only,225,PWR,stocktwits,1.0,30,14,0,0.7628,1
2026-09-01T06:22:16+00:00,ci,tone_only,225,ETN,bloomberg,,0,0,0,,
2026-09-01T06:22:16+00:00,ci,tone_only,225,ETN,reddit,-0.55,1,1,0,,
2026-09-01T06:22:16+00:00,ci,tone_only,225,ETN,yahoo,0.2274,17,14,0,,
2026-09-01T06:22:16+00:00,ci,tone_only,225,ETN,stocktwits,1.0,30,9,0,0.7628,1
2026-09-01T06:22:16+00:00,ci,tone_only,225,VRT,bloomberg,,0,0,0,,
2026-09-01T06:22:16+00:00,ci,tone_only,225,VRT,reddit,,0,0,0,,
2026-09-01T06:22:16+00:00,ci,tone_only,225,VRT,yahoo,0.2357,18,15,1,,
2026-09-01T06:22:16+00:00,ci,tone_only,225,VRT,stocktwits,1.0,30,18,0,0.7628,1
2026-09-01T06:22:16+00:00,ci,tone_only,225,AMAT,bloomberg,,0,0,0,,
2026-09-01T06:22:16+00:00,ci,tone_only,225,AMAT,reddit,,0,0,0,,
2026-09-01T06:22:16+00:00,ci,tone_only,225,AMAT,yahoo,0.4758,20,17,0,,
2026-09-01T06:22:16+00:00,ci,tone_only,225,AMAT,stocktwits,1.0,30,4,5,0.7628,1
2026-09-01T06:22:16+00:00,ci,tone_only,225,LRCX,bloomberg,,0,0,0,,
2026-09-01T06:22:16+00:00,ci,tone_only,225,LRCX,reddit,,0,0,0,,
2026-09-01T06:22:16+00:00,ci,tone_only,225,LRCX,yahoo,0.3337,20,17,0,,
2026-09-01T06:22:16+00:00,ci,tone_only,225,LRCX,stocktwits,0.875,30,16,0,0.7628,1
2026-09-01T06:22:16+00:00,ci,tone_only,225,KLAC,bloomberg,,0,0,0,,
2026-09-01T06:22:16+00:00,ci,tone_only,225,KLAC,reddit,,0,0,0,,
2026-09-01T06:22:16+00:00,ci,tone_only,225,KLAC,yahoo,0.4595,20,17,0,,
2026-09-01T06:22:16+00:00,ci,tone_only,225,KLAC,stocktwits,0.8667,30,15,0,0.7628,1
2026-09-01T06:22:16+00:00,ci,tone_only,225,ASML,bloomberg,,0,0,0,,
2026-09-01T06:22:16+00:00,ci,tone_only,225,ASML,reddit,,0,0,0,,
2026-09-01T06:22:16+00:00,ci,tone_only,225,ASML,yahoo,0.3653,19,15,0,,
2026-09-01T06:22:16+00:00,ci,tone_only,225,ASML,stocktwits,1.0,30,12,1,0.7628,1
2026-09-01T06:22:16+00:00,ci,tone_only,225,EOG,bloomberg,,0,0,0,,
2026-09-01T06:22:16+00:00,ci,tone_only,225,EOG,reddit,,0,0,0,,
2026-09-01T06:22:16+00:00,ci,tone_only,225,EOG,yahoo,0.3788,16,13,0,,
2026-09-01T06:22:16+00:00,ci,tone_only,225,EOG,stocktwits,1.0,30,12,0,0.7628,1
2026-09-01T06:22:16+00:00,ci,tone_only,225,FANG,bloomberg,,0,0,0,,
2026-09-01T06:22:16+00:00,ci,tone_only,225,FANG,reddit,,0,0,0,,
2026-09-01T06:22:16+00:00,ci,tone_only,225,FANG,yahoo,0.4319,18,15,0,,
2026-09-01T06:22:16+00:00,ci,tone_only,225,FANG,stocktwits,0.6667,30,6,0,0.7628,1
2026-09-01T06:22:16+00:00,ci,tone_only,225,OXY,bloomberg,,0,0,0,,
2026-09-01T06:22:16+00:00,ci,tone_only,225,OXY,reddit,,0,0,0,,
2026-09-01T06:22:16+00:00,ci,tone_only,225,OXY,yahoo,0.2168,16,11,0,,
2026-09-01T06:22:16+00:00,ci,tone_only,225,OXY,stocktwits,0.25,30,8,1,0.7628,1
2026-09-01T06:22:16+00:00,ci,tone_only,225,DVN,bloomberg,,0,0,0,,
2026-09-01T06:22:16+00:00,ci,tone_only,225,DVN,reddit,,0,0,0,,
2026-09-01T06:22:16+00:00,ci,tone_only,225,DVN,yahoo,0.2849,15,12,0,,
2026-09-01T06:22:16+00:00,ci,tone_only,225,DVN,stocktwits,1.0,30,4,1,0.7628,1
2026-09-01T06:22:16+00:00,ci,tone_only,225,APA,bloomberg,,0,0,0,,
2026-09-01T06:22:16+00:00,ci,tone_only,225,APA,reddit,,0,0,0,,
2026-09-01T06:22:16+00:00,ci,tone_only,225,APA,yahoo,0.2023,19,15,0,,
2026-09-01T06:22:16+00:00,ci,tone_only,225,APA,stocktwits,1.0,30,10,0,0.7628,1
2026-09-01T06:22:16+00:00,ci,tone_only,225,PR,bloomberg,,0,0,0,,
2026-09-01T06:22:16+00:00,ci,tone_only,225,PR,reddit,,0,0,0,,
2026-09-01T06:22:16+00:00,ci,tone_only,225,PR,yahoo,0.5178,19,15,0,,
2026-09-01T06:22:16+00:00,ci,tone_only,225,PR,stocktwits,1.0,30,7,0,0.7628,1
2026-09-01T06:22:16+00:00,ci,tone_only,225,SM,bloomberg,,0,0,0,,
2026-09-01T06:22:16+00:00,ci,tone_only,225,SM,reddit,,0,0,0,,
2026-09-01T06:22:16+00:00,ci,tone_only,225,SM,yahoo,0.2324,20,16,0,,
2026-09-01T06:22:16+00:00,ci,tone_only,225,SM,stocktwits,1.0,30,23,0,0.7628,1
2026-09-01T06:22:16+00:00,ci,tone_only,225,NFE,bloomberg,,0,0,0,,
2026-09-01T06:22:16+00:00,ci,tone_only,225,NFE,reddit,,0,0,0,,
2026-09-01T06:22:16+00:00,ci,tone_only,225,NFE,yahoo,-0.1452,14,13,0,,
2026-09-01T06:22:16+00:00,ci,tone_only,225,NFE,stocktwits,0.625,30,16,1,0.7628,1
2026-09-01T06:22:16+00:00,ci,tone_only,225,GLNG,bloomberg,,0,0,0,,
2026-09-01T06:22:16+00:00,ci,tone_only,225,GLNG,reddit,,0,0,0,,
2026-09-01T06:22:16+00:00,ci,tone_only,225,GLNG,yahoo,0.3146,20,15,0,,
2026-09-01T06:22:16+00:00,ci,tone_only,225,GLNG,stocktwits,1.0,30,5,0,0.7628,1
2026-09-01T06:22:16+00:00,ci,tone_only,225,NEXT,bloomberg,,0,0,0,,
2026-09-01T06:22:16+00:00,ci,tone_only,225,NEXT,reddit,,0,0,0,,
2026-09-01T06:22:16+00:00,ci,tone_only,225,NEXT,yahoo,0.3135,16,8,0,,
2026-09-01T06:22:16+00:00,ci,tone_only,225,NEXT,stocktwits,1.0,30,21,0,0.7628,1
2026-09-01T06:22:16+00:00,ci,tone_only,225,FLNG,bloomberg,,0,0,0,,
2026-09-01T06:22:16+00:00,ci,tone_only,225,FLNG,reddit,,0,0,0,,
2026-09-01T06:22:16+00:00,ci,tone_only,225,FLNG,yahoo,0.2008,18,10,0,,
2026-09-01T06:22:16+00:00,ci,tone_only,225,FLNG,stocktwits,1.0,30,3,0,0.7628,1
2026-09-01T06:22:16+00:00,ci,tone_only,225,DHT,bloomberg,,0,0,0,,
2026-09-01T06:22:16+00:00,ci,tone_only,225,DHT,reddit,,0,0,0,,
2026-09-01T06:22:16+00:00,ci,tone_only,225,DHT,yahoo,0.3841,19,13,0,,
2026-09-01T06:22:16+00:00,ci,tone_only,225,DHT,stocktwits,1.0,30,6,0,0.7628,1
2026-09-01T06:22:16+00:00,ci,tone_only,225,INSW,bloomberg,,0,0,0,,
2026-09-01T06:22:16+00:00,ci,tone_only,225,INSW,reddit,,0,0,0,,
2026-09-01T06:22:16+00:00,ci,tone_only,225,INSW,yahoo,0.3827,17,12,0,,
2026-09-01T06:22:16+00:00,ci,tone_only,225,INSW,stocktwits,1.0,30,9,0,0.7628,1
2026-09-01T06:22:16+00:00,ci,tone_only,225,TNK,bloomberg,,0,0,0,,
2026-09-01T06:22:16+00:00,ci,tone_only,225,TNK,reddit,,0,0,0,,
2026-09-01T06:22:16+00:00,ci,tone_only,225,TNK,yahoo,0.4876,19,15,0,,
2026-09-01T06:22:16+00:00,ci,tone_only,225,TNK,stocktwits,0.7895,30,19,0,0.7628,1
2026-09-01T06:22:16+00:00,ci,tone_only,225,ASC,bloomberg,,0,0,0,,
2026-09-01T06:22:16+00:00,ci,tone_only,225,ASC,reddit,,0,0,0,,
2026-09-01T06:22:16+00:00,ci,tone_only,225,ASC,yahoo,0.3736,16,8,0,,
2026-09-01T06:22:16+00:00,ci,tone_only,225,ASC,stocktwits,0.6,30,5,0,0.7628,1
2026-09-01T06:22:16+00:00,ci,tone_only,225,NAT,bloomberg,,0,0,0,,
2026-09-01T06:22:16+00:00,ci,tone_only,225,NAT,reddit,,0,0,0,,
2026-09-01T06:22:16+00:00,ci,tone_only,225,NAT,yahoo,0.3725,19,11,0,,
2026-09-01T06:22:16+00:00,ci,tone_only,225,NAT,stocktwits,0.8824,30,17,0,0.7628,1
2026-09-01T06:22:16+00:00,ci,tone_only,225,SFL,bloomberg,,0,0,0,,
2026-09-01T06:22:16+00:00,ci,tone_only,225,SFL,reddit,,0,0,0,,
2026-09-01T06:22:16+00:00,ci,tone_only,225,SFL,yahoo,0.5007,18,10,0,,
2026-09-01T06:22:16+00:00,ci,tone_only,225,SFL,stocktwits,1.0,30,4,0,0.7628,1
2026-09-01T06:22:16+00:00,ci,tone_only,225,TRMD,bloomberg,,0,0,0,,
2026-09-01T06:22:16+00:00,ci,tone_only,225,TRMD,reddit,,0,0,0,,
2026-09-01T06:22:16+00:00,ci,tone_only,225,TRMD,yahoo,0.5353,18,9,0,,
2026-09-01T06:22:16+00:00,ci,tone_only,225,TRMD,stocktwits,1.0,30,7,0,0.7628,1
2026-09-01T06:22:16+00:00,ci,tone_only,225,LHX,bloomberg,,0,0,0,,
2026-09-01T06:22:16+00:00,ci,tone_only,225,LHX,reddit,,0,0,0,,
2026-09-01T06:22:16+00:00,ci,tone_only,225,LHX,yahoo,0.3116,15,13,0,,
2026-09-01T06:22:16+00:00,ci,tone_only,225,LHX,stocktwits,0.8182,30,11,1,0.7628,1
2026-09-01T06:22:16+00:00,ci,tone_only,225,HWM,bloomberg,,0,0,0,,
2026-09-01T06:22:16+00:00,ci,tone_only,225,HWM,reddit,,0,0,0,,
2026-09-01T06:22:16+00:00,ci,tone_only,225,HWM,yahoo,0.4037,20,16,0,,
2026-09-01T06:22:16+00:00,ci,tone_only,225,HWM,stocktwits,0.5,30,4,3,0.7628,1
2026-09-01T06:22:16+00:00,ci,tone_only,225,CW,bloomberg,,0,0,0,,
2026-09-01T06:22:16+00:00,ci,tone_only,225,CW,reddit,,0,0,0,,
2026-09-01T06:22:16+00:00,ci,tone_only,225,CW,yahoo,0.4298,19,13,0,,
2026-09-01T06:22:16+00:00,ci,tone_only,225,CW,stocktwits,1.0,30,4,0,0.7628,1
2026-09-01T06:22:16+00:00,ci,tone_only,225,AXON,bloomberg,,0,0,0,,
2026-09-01T06:22:16+00:00,ci,tone_only,225,AXON,reddit,,0,0,0,,
2026-09-01T06:22:16+00:00,ci,tone_only,225,AXON,yahoo,0.3745,19,16,0,,
2026-09-01T06:22:16+00:00,ci,tone_only,225,AXON,stocktwits,0.6667,30,6,3,0.7628,1
2026-09-01T06:22:16+00:00,ci,tone_only,225,RCAT,bloomberg,,0,0,0,,
2026-09-01T06:22:16+00:00,ci,tone_only,225,RCAT,reddit,,0,0,0,,
2026-09-01T06:22:16+00:00,ci,tone_only,225,RCAT,yahoo,-0.0273,17,12,0,,
2026-09-01T06:22:16+00:00,ci,tone_only,225,RCAT,stocktwits,0.84,30,25,6,0.7628,1
2026-09-01T06:22:16+00:00,ci,tone_only,225,ONDS,bloomberg,,0,0,0,,
2026-09-01T06:22:16+00:00,ci,tone_only,225,ONDS,reddit,,0,0,0,,
2026-09-01T06:22:16+00:00,ci,tone_only,225,ONDS,yahoo,0.0766,18,17,0,,
2026-09-01T06:22:16+00:00,ci,tone_only,225,ONDS,stocktwits,0.5,30,12,26,0.7628,1
2026-09-01T06:22:16+00:00,ci,tone_only,225,IRDM,bloomberg,,0,0,0,,
2026-09-01T06:22:16+00:00,ci,tone_only,225,IRDM,reddit,,0,0,0,,
2026-09-01T06:22:16+00:00,ci,tone_only,225,IRDM,yahoo,0.3185,17,8,1,,
2026-09-01T06:22:16+00:00,ci,tone_only,225,IRDM,stocktwits,0.6667,30,12,1,0.7628,1
2026-09-01T06:22:16+00:00,ci,tone_only,225,BKSY,bloomberg,,0,0,0,,
2026-09-01T06:22:16+00:00,ci,tone_only,225,BKSY,reddit,,0,0,0,,
2026-09-01T06:22:16+00:00,ci,tone_only,225,BKSY,yahoo,0.27,18,10,0,,
2026-09-01T06:22:16+00:00,ci,tone_only,225,BKSY,stocktwits,0.8462,30,13,0,0.7628,1
2026-09-01T06:22:16+00:00,ci,tone_only,225,CRWD,bloomberg,,0,0,0,,
2026-09-01T06:22:16+00:00,ci,tone_only,225,CRWD,reddit,,0,0,0,,
2026-09-01T06:22:16+00:00,ci,tone_only,225,CRWD,yahoo,0.4319,16,13,3,,
2026-09-01T06:22:16+00:00,ci,tone_only,225,CRWD,stocktwits,0.7143,30,7,7,0.7628,1
2026-09-01T06:22:16+00:00,ci,tone_only,225,ZS,bloomberg,,0,0,0,,
2026-09-01T06:22:16+00:00,ci,tone_only,225,ZS,reddit,,0,0,0,,
2026-09-01T06:22:16+00:00,ci,tone_only,225,ZS,yahoo,0.2876,16,14,0,,
2026-09-01T06:22:16+00:00,ci,tone_only,225,ZS,stocktwits,1.0,30,9,3,0.7628,1
2026-09-01T06:22:16+00:00,ci,tone_only,225,S,bloomberg,,0,0,0,,
2026-09-01T06:22:16+00:00,ci,tone_only,225,S,reddit,,0,0,0,,
2026-09-01T06:22:16+00:00,ci,tone_only,225,S,yahoo,0.3668,20,18,0,,
2026-09-01T06:22:16+00:00,ci,tone_only,225,S,stocktwits,1.0,30,18,1,0.7628,1
2026-09-01T06:22:16+00:00,ci,tone_only,225,FTNT,bloomberg,,0,0,0,,
2026-09-01T06:22:16+00:00,ci,tone_only,225,FTNT,reddit,,0,0,0,,
2026-09-01T06:22:16+00:00,ci,tone_only,225,FTNT,yahoo,0.3875,17,10,0,,
2026-09-01T06:22:16+00:00,ci,tone_only,225,FTNT,stocktwits,1.0,30,7,0,0.7628,1
2026-09-01T06:22:16+00:00,ci,tone_only,225,RKLB,bloomberg,,0,0,0,,
2026-09-01T06:22:16+00:00,ci,tone_only,225,RKLB,reddit,,0,0,0,,
2026-09-01T06:22:16+00:00,ci,tone_only,225,RKLB,yahoo,0.2793,18,12,1,,
2026-09-01T06:22:16+00:00,ci,tone_only,225,RKLB,stocktwits,0.8824,30,17,20,0.7628,1
2026-09-01T06:22:16+00:00,ci,tone_only,225,PL,bloomberg,,0,0,0,,
2026-09-01T06:22:16+00:00,ci,tone_only,225,PL,reddit,,0,0,0,,
2026-09-01T06:22:16+00:00,ci,tone_only,225,PL,yahoo,0.1635,16,14,0,,
2026-09-01T06:22:16+00:00,ci,tone_only,225,PL,stocktwits,0.7143,30,14,4,0.7628,1
2026-09-01T06:22:16+00:00,ci,tone_only,225,LUNR,bloomberg,,0,0,0,,
2026-09-01T06:22:16+00:00,ci,tone_only,225,LUNR,reddit,,0,0,0,,
2026-09-01T06:22:16+00:00,ci,tone_only,225,LUNR,yahoo,0.2938,19,17,0,,
2026-09-01T06:22:16+00:00,ci,tone_only,225,LUNR,stocktwits,0.7037,30,27,2,0.7628,1
2026-09-01T06:22:16+00:00,ci,tone_only,225,SAIC,bloomberg,,0,0,0,,
2026-09-01T06:22:16+00:00,ci,tone_only,225,SAIC,reddit,,0,0,0,,
2026-09-01T06:22:16+00:00,ci,tone_only,225,SAIC,yahoo,0.3775,20,15,0,,
2026-09-01T06:22:16+00:00,ci,tone_only,225,SAIC,stocktwits,0.6667,30,6,1,0.7628,1
2026-09-01T06:22:16+00:00,ci,tone_only,225,LDOS,bloomberg,,0,0,0,,
2026-09-01T06:22:16+00:00,ci,tone_only,225,LDOS,reddit,,0,0,0,,
2026-09-01T06:22:16+00:00,ci,tone_only,225,LDOS,yahoo,0.0755,19,8,0,,
2026-09-01T06:22:16+00:00,ci,tone_only,225,LDOS,stocktwits,1.0,30,16,1,0.7628,1
2026-09-01T06:22:16+00:00,ci,tone_only,225,BAH,bloomberg,,0,0,0,,
2026-09-01T06:22:16+00:00,ci,tone_only,225,BAH,reddit,,0,0,0,,
2026-09-01T06:22:16+00:00,ci,tone_only,225,BAH,yahoo,0.0313,20,17,1,,
2026-09-01T06:22:16+00:00,ci,tone_only,225,BAH,stocktwits,1.0,30,8,0,0.7628,1
2026-09-01T06:22:16+00:00,ci,tone_only,225,WPM,bloomberg,,0,0,0,,
2026-09-01T06:22:16+00:00,ci,tone_only,225,WPM,reddit,,0,0,0,,
2026-09-01T06:22:16+00:00,ci,tone_only,225,WPM,yahoo,0.5415,11,10,0,,
2026-09-01T06:22:16+00:00,ci,tone_only,225,WPM,stocktwits,1.0,30,8,0,0.7628,1
2026-09-01T06:22:16+00:00,ci,tone_only,225,FNV,bloomberg,,0,0,0,,
2026-09-01T06:22:16+00:00,ci,tone_only,225,FNV,reddit,,0,0,0,,
2026-09-01T06:22:16+00:00,ci,tone_only,225,FNV,yahoo,0.4755,14,9,0,,
2026-09-01T06:22:16+00:00,ci,tone_only,225,FNV,stocktwits,1.0,30,5,0,0.7628,1
2026-09-01T06:22:16+00:00,ci,tone_only,225,RGLD,bloomberg,,0,0,0,,
2026-09-01T06:22:16+00:00,ci,tone_only,225,RGLD,reddit,,0,0,0,,
2026-09-01T06:22:16+00:00,ci,tone_only,225,RGLD,yahoo,0.4205,14,11,0,,
2026-09-01T06:22:16+00:00,ci,tone_only,225,RGLD,stocktwits,1.0,30,9,0,0.7628,1
2026-09-01T06:22:16+00:00,ci,tone_only,225,AGI,bloomberg,,0,0,0,,
2026-09-01T06:22:16+00:00,ci,tone_only,225,AGI,reddit,-0.0083,1,1,0,,
2026-09-01T06:22:16+00:00,ci,tone_only,225,AGI,yahoo,0.3575,19,14,0,,
2026-09-01T06:22:16+00:00,ci,tone_only,225,AGI,stocktwits,1.0,30,4,0,0.7628,1
2026-09-01T06:22:16+00:00,ci,tone_only,225,NXE,bloomberg,,0,0,0,,
2026-09-01T06:22:16+00:00,ci,tone_only,225,NXE,reddit,,0,0,0,,
2026-09-01T06:22:16+00:00,ci,tone_only,225,NXE,yahoo,0.1588,19,10,0,,
2026-09-01T06:22:16+00:00,ci,tone_only,225,NXE,stocktwits,0.7778,30,9,0,0.7628,1
2026-09-01T06:22:16+00:00,ci,tone_only,225,DNN,bloomberg,,0,0,0,,
2026-09-01T06:22:16+00:00,ci,tone_only,225,DNN,reddit,,0,0,0,,
2026-09-01T06:22:16+00:00,ci,tone_only,225,DNN,yahoo,0.1667,17,7,0,,
2026-09-01T06:22:16+00:00,ci,tone_only,225,DNN,stocktwits,0.5,30,16,0,0.7628,1
2026-09-01T06:22:16+00:00,ci,tone_only,225,SMR,bloomberg,,0,0,0,,
2026-09-01T06:22:16+00:00,ci,tone_only,225,SMR,reddit,,0,0,0,,
2026-09-01T06:22:16+00:00,ci,tone_only,225,SMR,yahoo,0.1539,19,16,0,,
2026-09-01T06:22:16+00:00,ci,tone_only,225,SMR,stocktwits,1.0,30,12,2,0.7628,1
2026-09-01T06:22:16+00:00,ci,tone_only,225,URG,bloomberg,,0,0,0,,
2026-09-01T06:22:16+00:00,ci,tone_only,225,URG,reddit,,0,0,0,,
2026-09-01T06:22:16+00:00,ci,tone_only,225,URG,yahoo,0.1622,18,9,0,,
2026-09-01T06:22:16+00:00,ci,tone_only,225,URG,stocktwits,0.8182,30,11,0,0.7628,1
2026-09-01T06:22:16+00:00,ci,tone_only,225,OKLO,bloomberg,,0,0,0,,
2026-09-01T06:22:16+00:00,ci,tone_only,225,OKLO,reddit,,0,0,0,,
2026-09-01T06:22:16+00:00,ci,tone_only,225,OKLO,yahoo,0.3375,19,14,0,,
2026-09-01T06:22:16+00:00,ci,tone_only,225,OKLO,stocktwits,0.1667,30,12,8,0.7628,1
2026-09-01T06:22:16+00:00,ci,tone_only,225,NNE,bloomberg,,0,0,0,,
2026-09-01T06:22:16+00:00,ci,tone_only,225,NNE,reddit,,0,0,0,,
2026-09-01T06:22:16+00:00,ci,tone_only,225,NNE,yahoo,0.35,16,11,0,,
2026-09-01T06:22:16+00:00,ci,tone_only,225,NNE,stocktwits,0.8571,30,14,0,0.7628,1
2026-09-01T06:22:16+00:00,ci,tone_only,225,IPI,bloomberg,,0,0,0,,
2026-09-01T06:22:16+00:00,ci,tone_only,225,IPI,reddit,,0,0,0,,
2026-09-01T06:22:16+00:00,ci,tone_only,225,IPI,yahoo,0.4545,19,11,0,,
2026-09-01T06:22:16+00:00,ci,tone_only,225,IPI,stocktwits,1.0,30,3,0,0.7628,1
2026-09-01T06:22:16+00:00,ci,tone_only,225,SMG,bloomberg,,0,0,0,,
2026-09-01T06:22:16+00:00,ci,tone_only,225,SMG,reddit,,0,0,0,,
2026-09-01T06:22:16+00:00,ci,tone_only,225,SMG,yahoo,0.4206,15,10,0,,
2026-09-01T06:22:16+00:00,ci,tone_only,225,SMG,stocktwits,0.6667,30,12,0,0.7628,1
2026-09-01T06:22:16+00:00,ci,tone_only,225,LRV.AX,bloomberg,,0,0,0,,
2026-09-01T06:22:16+00:00,ci,tone_only,225,LRV.AX,reddit,,0,0,0,,
2026-09-01T06:22:16+00:00,ci,tone_only,225,LRV.AX,yahoo,0.4167,9,3,0,,
2026-09-01T06:22:16+00:00,ci,tone_only,225,LRV.AX,stocktwits,,0,0,0,0.7628,1
2026-09-01T06:22:16+00:00,ci,tone_only,225,NSRCF,bloomberg,,0,0,0,,
2026-09-01T06:22:16+00:00,ci,tone_only,225,NSRCF,reddit,,0,0,0,,
2026-09-01T06:22:16+00:00,ci,tone_only,225,NSRCF,yahoo,0.4833,12,6,0,,
2026-09-01T06:22:16+00:00,ci,tone_only,225,NSRCF,stocktwits,0.8889,30,18,0,0.7628,1
2026-09-01T06:22:16+00:00,ci,tone_only,225,LAR,bloomberg,,0,0,0,,
2026-09-01T06:22:16+00:00,ci,tone_only,225,LAR,reddit,,0,0,0,,
2026-09-01T06:22:16+00:00,ci,tone_only,225,LAR,yahoo,0.4517,17,8,0,,
2026-09-01T06:22:16+00:00,ci,tone_only,225,LAR,stocktwits,0.8,30,10,1,0.7628,1
2026-09-01T06:22:16+00:00,ci,tone_only,225,TER,bloomberg,,0,0,0,,
2026-09-01T06:22:16+00:00,ci,tone_only,225,TER,reddit,-0.35,1,1,0,,
2026-09-01T06:22:16+00:00,ci,tone_only,225,TER,yahoo,0.1253,19,14,0,,
2026-09-01T06:22:16+00:00,ci,tone_only,225,TER,stocktwits,0.8462,30,13,0,0.7628,1
2026-09-01T06:22:16+00:00,ci,tone_only,225,ENTG,bloomberg,,0,0,0,,
2026-09-01T06:22:16+00:00,ci,tone_only,225,ENTG,reddit,,0,0,0,,
2026-09-01T06:22:16+00:00,ci,tone_only,225,ENTG,yahoo,0.3471,18,15,0,,
2026-09-01T06:22:16+00:00,ci,tone_only,225,ENTG,stocktwits,0.8667,30,15,0,0.7628,1
2026-09-01T06:22:16+00:00,ci,tone_only,225,ACLS,bloomberg,,0,0,0,,
2026-09-01T06:22:16+00:00,ci,tone_only,225,ACLS,reddit,,0,0,0,,
2026-09-01T06:22:16+00:00,ci,tone_only,225,ACLS,yahoo,0.4391,16,12,0,,
2026-09-01T06:22:16+00:00,ci,tone_only,225,ACLS,stocktwits,0.6,27,5,0,0.7628,1
2026-09-01T06:22:16+00:00,ci,tone_only,225,ONTO,bloomberg,,0,0,0,,
2026-09-01T06:22:16+00:00,ci,tone_only,225,ONTO,reddit,,0,0,0,,
2026-09-01T06:22:16+00:00,ci,tone_only,225,ONTO,yahoo,0.5019,20,18,0,,
2026-09-01T06:22:16+00:00,ci,tone_only,225,ONTO,stocktwits,1.0,30,8,0,0.7628,1
2026-09-01T06:22:16+00:00,ci,tone_only,225,AMKR,bloomberg,,0,0,0,,
2026-09-01T06:22:16+00:00,ci,tone_only,225,AMKR,reddit,,0,0,0,,
2026-09-01T06:22:16+00:00,ci,tone_only,225,AMKR,yahoo,0.3478,20,16,0,,
2026-09-01T06:22:16+00:00,ci,tone_only,225,AMKR,stocktwits,1.0,30,11,0,0.7628,1
2026-09-01T06:22:16+00:00,ci,tone_only,225,TECK,bloomberg,,0,0,0,,
2026-09-01T06:22:16+00:00,ci,tone_only,225,TECK,reddit,,0,0,0,,
2026-09-01T06:22:16+00:00,ci,tone_only,225,TECK,yahoo,0.2083,15,8,0,,
2026-09-01T06:22:16+00:00,ci,tone_only,225,TECK,stocktwits,0.6923,30,13,0,0.7628,1
2026-09-01T06:22:16+00:00,ci,tone_only,225,AA,bloomberg,,0,0,0,,
2026-09-01T06:22:16+00:00,ci,tone_only,225,AA,reddit,,0,0,0,,
2026-09-01T06:22:16+00:00,ci,tone_only,225,AA,yahoo,0.3775,16,11,0,,
2026-09-01T06:22:16+00:00,ci,tone_only,225,AA,stocktwits,1.0,30,13,0,0.7628,1
2026-09-01T06:22:16+00:00,ci,tone_only,225,CENX,bloomberg,,0,0,0,,
2026-09-01T06:22:16+00:00,ci,tone_only,225,CENX,reddit,,0,0,0,,
2026-09-01T06:22:16+00:00,ci,tone_only,225,CENX,yahoo,0.2343,16,11,0,,
2026-09-01T06:22:16+00:00,ci,tone_only,225,CENX,stocktwits,1.0,29,13,0,0.7628,1
2026-09-01T06:22:16+00:00,ci,tone_only,225,HBM,bloomberg,,0,0,0,,
2026-09-01T06:22:16+00:00,ci,tone_only,225,HBM,reddit,0.136,3,3,0,,
2026-09-01T06:22:16+00:00,ci,tone_only,225,HBM,yahoo,0.2,19,13,0,,
2026-09-01T06:22:16+00:00,ci,tone_only,225,HBM,stocktwits,1.0,30,20,0,0.7628,1
2026-09-01T06:22:16+00:00,ci,tone_only,225,ERO,bloomberg,,0,0,0,,
2026-09-01T06:22:16+00:00,ci,tone_only,225,ERO,reddit,,0,0,0,,
2026-09-01T06:22:16+00:00,ci,tone_only,225,ERO,yahoo,0.4347,18,12,0,,
2026-09-01T06:22:16+00:00,ci,tone_only,225,ERO,stocktwits,1.0,30,15,0,0.7628,1
2026-09-01T06:22:16+00:00,ci,tone_only,225,CSAN,bloomberg,,0,0,0,,
2026-09-01T06:22:16+00:00,ci,tone_only,225,CSAN,reddit,,0,0,0,,
2026-09-01T06:22:16+00:00,ci,tone_only,225,CSAN,yahoo,-0.2568,16,12,0,,
2026-09-01T06:22:16+00:00,ci,tone_only,225,CSAN,stocktwits,1.0,30,10,0,0.7628,1
2026-09-01T06:22:16+00:00,ci,tone_only,225,BHP,bloomberg,,0,0,0,,
2026-09-01T06:22:16+00:00,ci,tone_only,225,BHP,reddit,,0,0,0,,
2026-09-01T06:22:16+00:00,ci,tone_only,225,BHP,yahoo,0.4219,17,13,0,,
2026-09-01T06:22:16+00:00,ci,tone_only,225,BHP,stocktwits,1.0,30,15,1,0.7628,1
2026-09-01T06:22:16+00:00,ci,tone_only,225,RIO,bloomberg,,0,0,0,,
2026-09-01T06:22:16+00:00,ci,tone_only,225,RIO,reddit,,0,0,0,,
2026-09-01T06:22:16+00:00,ci,tone_only,225,RIO,yahoo,0.015,17,10,0,,
2026-09-01T06:22:16+00:00,ci,tone_only,225,RIO,stocktwits,1.0,30,14,0,0.7628,1
2026-09-01T06:22:16+00:00,ci,tone_only,225,CDE,bloomberg,,0,0,0,,
2026-09-01T06:22:16+00:00,ci,tone_only,225,CDE,reddit,,0,0,0,,
2026-09-01T06:22:16+00:00,ci,tone_only,225,CDE,yahoo,0.5269,13,10,0,,
2026-09-01T06:22:16+00:00,ci,tone_only,225,CDE,stocktwits,1.0,30,13,0,0.7628,1
2026-09-01T06:22:16+00:00,ci,tone_only,225,AG,bloomberg,,0,0,0,,
2026-09-01T06:22:16+00:00,ci,tone_only,225,AG,reddit,,0,0,0,,
2026-09-01T06:22:16+00:00,ci,tone_only,225,AG,yahoo,0.2364,12,8,0,,
2026-09-01T06:22:16+00:00,ci,tone_only,225,AG,stocktwits,0.8889,30,18,2,0.7628,1
2026-09-01T06:22:16+00:00,ci,tone_only,225,HL,bloomberg,,0,0,0,,
2026-09-01T06:22:16+00:00,ci,tone_only,225,HL,reddit,,0,0,0,,
2026-09-01T06:22:16+00:00,ci,tone_only,225,HL,yahoo,0.534,12,9,0,,
2026-09-01T06:22:16+00:00,ci,tone_only,225,HL,stocktwits,0.8182,30,11,0,0.7628,1
2026-09-01T06:22:16+00:00,ci,tone_only,225,SVM,bloomberg,,0,0,0,,
2026-09-01T06:22:16+00:00,ci,tone_only,225,SVM,reddit,,0,0,0,,
2026-09-01T06:22:16+00:00,ci,tone_only,225,SVM,yahoo,0.4079,18,13,0,,
2026-09-01T06:22:16+00:00,ci,tone_only,225,SVM,stocktwits,0.92,30,25,0,0.7628,1
2026-09-01T06:22:16+00:00,ci,tone_only,225,EXK,bloomberg,,0,0,0,,
2026-09-01T06:22:16+00:00,ci,tone_only,225,EXK,reddit,,0,0,0,,
2026-09-01T06:22:16+00:00,ci,tone_only,225,EXK,yahoo,0.2526,16,12,0,,
2026-09-01T06:22:16+00:00,ci,tone_only,225,EXK,stocktwits,1.0,30,15,0,0.7628,1
2026-09-01T06:22:16+00:00,ci,tone_only,225,EADSY,bloomberg,,0,0,0,,
2026-09-01T06:22:16+00:00,ci,tone_only,225,EADSY,reddit,,0,0,0,,
2026-09-01T06:22:16+00:00,ci,tone_only,225,EADSY,yahoo,0.4792,16,14,0,,
2026-09-01T06:22:16+00:00,ci,tone_only,225,EADSY,stocktwits,1.0,30,13,0,0.7628,1
2026-09-01T06:22:16+00:00,ci,tone_only,225,RNMBY,bloomberg,,0,0,0,,
2026-09-01T06:22:16+00:00,ci,tone_only,225,RNMBY,reddit,,0,0,0,,
2026-09-01T06:22:16+00:00,ci,tone_only,225,RNMBY,yahoo,0.475,9,7,0,,
2026-09-01T06:22:16+00:00,ci,tone_only,225,RNMBY,stocktwits,0.5385,30,13,0,0.7628,1
2026-09-01T06:22:16+00:00,ci,tone_only,225,FINMY,bloomberg,,0,0,0,,
2026-09-01T06:22:16+00:00,ci,tone_only,225,FINMY,reddit,,0,0,0,,
2026-09-01T06:22:16+00:00,ci,tone_only,225,FINMY,yahoo,0.445,7,5,0,,
2026-09-01T06:22:16+00:00,ci,tone_only,225,FINMY,stocktwits,0.7143,23,7,0,0.7628,1
2026-09-01T06:22:16+00:00,ci,tone_only,225,SAABY,bloomberg,,0,0,0,,
2026-09-01T06:22:16+00:00,ci,tone_only,225,SAABY,reddit,,0,0,0,,
2026-09-01T06:22:16+00:00,ci,tone_only,225,SAABY,yahoo,0.4433,19,12,2,,
2026-09-01T06:22:16+00:00,ci,tone_only,225,SAABY,stocktwits,,0,0,0,0.7628,1
2026-09-01T06:22:16+00:00,ci,tone_only,225,THLLY,bloomberg,,0,0,0,,
2026-09-01T06:22:16+00:00,ci,tone_only,225,THLLY,reddit,,0,0,0,,
2026-09-01T06:22:16+00:00,ci,tone_only,225,THLLY,yahoo,0.3917,8,8,0,,
2026-09-01T06:22:16+00:00,ci,tone_only,225,THLLY,stocktwits,,0,0,0,0.7628,1
2026-09-01T06:22:16+00:00,ci,tone_only,225,HO.PA,bloomberg,,0,0,0,,
2026-09-01T06:22:16+00:00,ci,tone_only,225,HO.PA,reddit,,0,0,0,,
2026-09-01T06:22:16+00:00,ci,tone_only,225,HO.PA,yahoo,0.3598,16,11,0,,
2026-09-01T06:22:16+00:00,ci,tone_only,225,HO.PA,stocktwits,,0,0,0,0.7628,1
2026-09-01T06:22:16+00:00,ci,tone_only,225,RHM.DE,bloomberg,,0,0,0,,
2026-09-01T06:22:16+00:00,ci,tone_only,225,RHM.DE,reddit,,0,0,0,,
2026-09-01T06:22:16+00:00,ci,tone_only,225,RHM.DE,yahoo,0.0355,16,10,0,,
2026-09-01T06:22:16+00:00,ci,tone_only,225,RHM.DE,stocktwits,,0,0,0,0.7628,1
2026-09-01T06:22:16+00:00,ci,tone_only,225,LDO.MI,bloomberg,,0,0,0,,
2026-09-01T06:22:16+00:00,ci,tone_only,225,LDO.MI,reddit,,0,0,0,,
2026-09-01T06:22:16+00:00,ci,tone_only,225,LDO.MI,yahoo,-0.1197,16,9,0,,
2026-09-01T06:22:16+00:00,ci,tone_only,225,LDO.MI,stocktwits,,0,0,0,0.7628,1
2026-09-01T06:22:16+00:00,ci,tone_only,225,TXT,bloomberg,,0,0,0,,
2026-09-01T06:22:16+00:00,ci,tone_only,225,TXT,reddit,,0,0,0,,
2026-09-01T06:22:16+00:00,ci,tone_only,225,TXT,yahoo,0.4295,19,16,0,,
2026-09-01T06:22:16+00:00,ci,tone_only,225,TXT,stocktwits,0.75,30,8,0,0.7628,1
2026-09-01T06:22:16+00:00,ci,tone_only,225,TDG,bloomberg,,0,0,0,,
2026-09-01T06:22:16+00:00,ci,tone_only,225,TDG,reddit,,0,0,0,,
2026-09-01T06:22:16+00:00,ci,tone_only,225,TDG,yahoo,0.3346,18,16,0,,
2026-09-01T06:22:16+00:00,ci,tone_only,225,TDG,stocktwits,1.0,30,3,0,0.7628,1
2026-09-01T06:22:16+00:00,ci,tone_only,225,AIR,bloomberg,,0,0,0,,
2026-09-01T06:22:16+00:00,ci,tone_only,225,AIR,reddit,,0,0,0,,
2026-09-01T06:22:16+00:00,ci,tone_only,225,AIR,yahoo,0.3978,20,14,0,,
2026-09-01T06:22:16+00:00,ci,tone_only,225,AIR,stocktwits,1.0,30,2,0,0.7628,1
2026-09-01T06:22:16+00:00,ci,tone_only,225,PBF,bloomberg,,0,0,0,,
2026-09-01T06:22:16+00:00,ci,tone_only,225,PBF,reddit,,0,0,0,,
2026-09-01T06:22:16+00:00,ci,tone_only,225,PBF,yahoo,0.4265,19,16,0,,
2026-09-01T06:22:16+00:00,ci,tone_only,225,PBF,stocktwits,1.0,30,7,0,0.7628,1
2026-09-01T06:22:16+00:00,ci,tone_only,225,DK,bloomberg,,0,0,0,,
2026-09-01T06:22:16+00:00,ci,tone_only,225,DK,reddit,,0,0,0,,
2026-09-01T06:22:16+00:00,ci,tone_only,225,DK,yahoo,0.3546,19,16,0,,
2026-09-01T06:22:16+00:00,ci,tone_only,225,DK,stocktwits,1.0,30,10,0,0.7628,1
2026-09-01T06:22:16+00:00,ci,tone_only,225,EPD,bloomberg,,0,0,0,,
2026-09-01T06:22:16+00:00,ci,tone_only,225,EPD,reddit,,0,0,0,,
2026-09-01T06:22:16+00:00,ci,tone_only,225,EPD,yahoo,0.294,19,18,0,,
2026-09-01T06:22:16+00:00,ci,tone_only,225,EPD,stocktwits,0.7143,30,14,0,0.7628,1
2026-09-01T06:22:16+00:00,ci,tone_only,225,ET,bloomberg,,0,0,0,,
2026-09-01T06:22:16+00:00,ci,tone_only,225,ET,reddit,,0,0,0,,
2026-09-01T06:22:16+00:00,ci,tone_only,225,ET,yahoo,0.2582,18,15,0,,
2026-09-01T06:22:16+00:00,ci,tone_only,225,ET,stocktwits,1.0,30,14,0,0.7628,1
2026-09-01T06:22:16+00:00,ci,tone_only,225,KMI,bloomberg,,0,0,0,,
2026-09-01T06:22:16+00:00,ci,tone_only,225,KMI,reddit,,0,0,0,,
2026-09-01T06:22:16+00:00,ci,tone_only,225,KMI,yahoo,0.3923,19,19,0,,
2026-09-01T06:22:16+00:00,ci,tone_only,225,KMI,stocktwits,0.8333,30,12,0,0.7628,1
2026-09-01T06:22:16+00:00,ci,tone_only,225,WMB,bloomberg,,0,0,0,,
2026-09-01T06:22:16+00:00,ci,tone_only,225,WMB,reddit,,0,0,0,,
2026-09-01T06:22:16+00:00,ci,tone_only,225,WMB,yahoo,0.241,19,19,0,,
2026-09-01T06:22:16+00:00,ci,tone_only,225,WMB,stocktwits,1.0,30,1,0,0.7628,1
2026-09-01T06:22:16+00:00,ci,tone_only,225,OKE,bloomberg,,0,0,0,,
2026-09-01T06:22:16+00:00,ci,tone_only,225,OKE,reddit,,0,0,0,,
2026-09-01T06:22:16+00:00,ci,tone_only,225,OKE,yahoo,0.2978,18,17,0,,
2026-09-01T06:22:16+00:00,ci,tone_only,225,OKE,stocktwits,1.0,30,4,2,0.7628,1
2026-09-01T06:22:16+00:00,ci,tone_only,225,PAA,bloomberg,,0,0,0,,
2026-09-01T06:22:16+00:00,ci,tone_only,225,PAA,reddit,,0,0,0,,
2026-09-01T06:22:16+00:00,ci,tone_only,225,PAA,yahoo,0.3665,18,14,0,,
2026-09-01T06:22:16+00:00,ci,tone_only,225,PAA,stocktwits,0.6667,30,6,0,0.7628,1
2026-09-01T06:22:16+00:00,ci,tone_only,225,BG,bloomberg,,0,0,0,,
2026-09-01T06:22:16+00:00,ci,tone_only,225,BG,reddit,,0,0,0,,
2026-09-01T06:22:16+00:00,ci,tone_only,225,BG,yahoo,0.4949,17,12,0,,
2026-09-01T06:22:16+00:00,ci,tone_only,225,BG,stocktwits,1.0,30,15,0,0.7628,1
2026-09-01T06:22:16+00:00,ci,tone_only,225,INGR,bloomberg,,0,0,0,,
2026-09-01T06:22:16+00:00,ci,tone_only,225,INGR,reddit,,0,0,0,,
2026-09-01T06:22:16+00:00,ci,tone_only,225,INGR,yahoo,0.4809,17,11,0,,
2026-09-01T06:22:16+00:00,ci,tone_only,225,INGR,stocktwits,,30,0,0,0.7628,1
2026-09-01T06:22:16+00:00,ci,tone_only,225,AGCO,bloomberg,,0,0,0,,
2026-09-01T06:22:16+00:00,ci,tone_only,225,AGCO,reddit,,0,0,0,,
2026-09-01T06:22:16+00:00,ci,tone_only,225,AGCO,yahoo,0.3155,19,14,0,,
2026-09-01T06:22:16+00:00,ci,tone_only,225,AGCO,stocktwits,,30,0,0,0.7628,1
2026-09-01T06:22:16+00:00,ci,tone_only,225,RS,bloomberg,,0,0,0,,
2026-09-01T06:22:16+00:00,ci,tone_only,225,RS,reddit,,0,0,0,,
2026-09-01T06:22:16+00:00,ci,tone_only,225,RS,yahoo,0.5292,18,13,0,,
2026-09-01T06:22:16+00:00,ci,tone_only,225,RS,stocktwits,1.0,30,4,0,0.7628,1
2026-09-01T06:22:16+00:00,ci,tone_only,225,HCC,bloomberg,,0,0,0,,
2026-09-01T06:22:16+00:00,ci,tone_only,225,HCC,reddit,,0,0,0,,
2026-09-01T06:22:16+00:00,ci,tone_only,225,HCC,yahoo,0.495,14,8,0,,
2026-09-01T06:22:16+00:00,ci,tone_only,225,HCC,stocktwits,1.0,30,10,0,0.7628,1
2026-09-01T06:22:16+00:00,ci,tone_only,225,BTU,bloomberg,,0,0,0,,
2026-09-01T06:22:16+00:00,ci,tone_only,225,BTU,reddit,,0,0,0,,
2026-09-01T06:22:16+00:00,ci,tone_only,225,BTU,yahoo,0.0032,17,13,0,,
2026-09-01T06:22:16+00:00,ci,tone_only,225,BTU,stocktwits,-0.3333,30,9,0,0.7628,1
2026-09-01T06:22:16+00:00,ci,tone_only,225,CMC,bloomberg,,0,0,0,,
2026-09-01T06:22:16+00:00,ci,tone_only,225,CMC,reddit,,0,0,0,,
2026-09-01T06:22:16+00:00,ci,tone_only,225,CMC,yahoo,0.4487,14,11,0,,
2026-09-01T06:22:16+00:00,ci,tone_only,225,CMC,stocktwits,1.0,30,10,0,0.7628,1
2026-09-01T06:22:16+00:00,ci,tone_only,225,NRG,bloomberg,,0,0,0,,
2026-09-01T06:22:16+00:00,ci,tone_only,225,NRG,reddit,,0,0,0,,
2026-09-01T06:22:16+00:00,ci,tone_only,225,NRG,yahoo,0.3459,12,9,0,,
2026-09-01T06:22:16+00:00,ci,tone_only,225,NRG,stocktwits,0.875,30,16,0,0.7628,1
2026-09-01T06:22:16+00:00,ci,tone_only,225,ETR,bloomberg,,0,0,0,,
2026-09-01T06:22:16+00:00,ci,tone_only,225,ETR,reddit,,0,0,0,,
2026-09-01T06:22:16+00:00,ci,tone_only,225,ETR,yahoo,0.4597,17,13,0,,
2026-09-01T06:22:16+00:00,ci,tone_only,225,ETR,stocktwits,1.0,30,2,0,0.7628,1
2026-09-01T06:22:16+00:00,ci,tone_only,225,SRE,bloomberg,,0,0,0,,
2026-09-01T06:22:16+00:00,ci,tone_only,225,SRE,reddit,,0,0,0,,
2026-09-01T06:22:16+00:00,ci,tone_only,225,SRE,yahoo,0.1494,16,12,2,,
2026-09-01T06:22:16+00:00,ci,tone_only,225,SRE,stocktwits,0.7778,30,9,1,0.7628,1
2026-09-01T06:22:16+00:00,ci,tone_only,225,POWL,bloomberg,,0,0,0,,
2026-09-01T06:22:16+00:00,ci,tone_only,225,POWL,reddit,,0,0,0,,
2026-09-01T06:22:16+00:00,ci,tone_only,225,POWL,yahoo,0.4386,17,16,0,,
2026-09-01T06:22:16+00:00,ci,tone_only,225,POWL,stocktwits,1.0,30,15,0,0.7628,1
2026-09-01T06:22:16+00:00,ci,tone_only,225,MYRG,bloomberg,,0,0,0,,
2026-09-01T06:22:16+00:00,ci,tone_only,225,MYRG,reddit,,0,0,0,,
2026-09-01T06:22:16+00:00,ci,tone_only,225,MYRG,yahoo,0.3479,18,11,0,,
2026-09-01T06:22:16+00:00,ci,tone_only,225,MYRG,stocktwits,0.6,30,5,0,0.7628,1
2026-09-01T06:22:16+00:00,ci,tone_only,225,PRIM,bloomberg,,0,0,0,,
2026-09-01T06:22:16+00:00,ci,tone_only,225,PRIM,reddit,,0,0,0,,
2026-09-01T06:22:16+00:00,ci,tone_only,225,PRIM,yahoo,-0.0019,18,13,0,,
2026-09-01T06:22:16+00:00,ci,tone_only,225,PRIM,stocktwits,-0.7143,30,7,0,0.7628,1
2026-09-01T06:22:16+00:00,ci,tone_only,225,FLR,bloomberg,,0,0,0,,
2026-09-01T06:22:16+00:00,ci,tone_only,225,FLR,reddit,,0,0,0,,
2026-09-01T06:22:16+00:00,ci,tone_only,225,FLR,yahoo,0.1842,15,11,0,,
2026-09-01T06:22:16+00:00,ci,tone_only,225,FLR,stocktwits,1.0,30,10,0,0.7628,1
