run_utc,host,build,universe,source,state,documents,base
2026-08-15T03:48:15+00:00,ci,tone_only,225,bloomberg,live,120,
2026-08-15T03:48:15+00:00,ci,tone_only,225,reddit,live,100,
2026-08-15T03:48:15+00:00,ci,tone_only,225,yahoo,live,3735,
2026-08-15T03:48:15+00:00,ci,tone_only,225,stocktwits,degraded,6556,0.7508
2026-08-15T04:10:36+00:00,ci,tone_only,225,bloomberg,live,120,
2026-08-15T04:10:36+00:00,ci,tone_only,225,reddit,live,100,
2026-08-15T04:10:36+00:00,ci,tone_only,225,yahoo,degraded,3725,
2026-08-15T04:10:36+00:00,ci,tone_only,225,stocktwits,degraded,6556,0.7527
2026-08-15T16:43:51+00:00,ci,tone_only,225,bloomberg,live,92,
2026-08-15T16:43:51+00:00,ci,tone_only,225,reddit,live,100,
2026-08-15T16:43:51+00:00,ci,tone_only,225,yahoo,live,3683,
2026-08-15T16:43:51+00:00,ci,tone_only,225,stocktwits,degraded,6556,0.7642
2026-08-16T02:42:52+00:00,ci,tone_only,225,bloomberg,live,63,
2026-08-16T02:42:52+00:00,ci,tone_only,225,reddit,live,100,
2026-08-16T02:42:52+00:00,ci,tone_only,225,yahoo,degraded,3719,
2026-08-16T02:42:52+00:00,ci,tone_only,225,stocktwits,degraded,6556,0.7655
2026-08-17T02:41:13+00:00,ci,tone_only,225,bloomberg,live,68,
2026-08-17T02:41:13+00:00,ci,tone_only,225,reddit,live,100,
2026-08-17T02:41:13+00:00,ci,tone_only,225,yahoo,degraded,3660,
2026-08-17T02:41:13+00:00,ci,tone_only,225,stocktwits,degraded,6553,0.7705
2026-08-18T02:30:11+00:00,ci,tone_only,225,bloomberg,live,120,
2026-08-18T02:30:11+00:00,ci,tone_only,225,reddit,live,100,
2026-08-18T02:30:11+00:00,ci,tone_only,225,yahoo,live,3459,
2026-08-18T02:30:11+00:00,ci,tone_only,225,stocktwits,degraded,6553,0.7249
2026-08-19T02:39:47+00:00,ci,tone_only,225,bloomberg,live,120,
2026-08-19T02:39:47+00:00,ci,tone_only,225,reddit,live,100,
2026-08-19T02:39:47+00:00,ci,tone_only,225,yahoo,live,3458,
2026-08-19T02:39:47+00:00,ci,tone_only,225,stocktwits,degraded,6557,0.7131
2026-08-20T02:29:51+00:00,ci,tone_only,225,bloomberg,live,120,
2026-08-20T02:29:51+00:00,ci,tone_only,225,reddit,live,100,
2026-08-20T02:29:51+00:00,ci,tone_only,225,yahoo,live,3520,
2026-08-20T02:29:51+00:00,ci,tone_only,225,stocktwits,degraded,6557,0.7552
2026-08-21T02:43:48+00:00,ci,tone_only,225,bloomberg,live,120,
2026-08-21T02:43:48+00:00,ci,tone_only,225,reddit,live,100,
2026-08-21T02:43:48+00:00,ci,tone_only,225,yahoo,live,3650,
2026-08-21T02:43:48+00:00,ci,tone_only,225,stocktwits,degraded,6558,0.7405
2026-08-22T02:28:19+00:00,ci,tone_only,225,bloomberg,live,120,
2026-08-22T02:28:19+00:00,ci,tone_only,225,reddit,live,100,
2026-08-22T02:28:19+00:00,ci,tone_only,225,yahoo,degraded,3730,
2026-08-22T02:28:19+00:00,ci,tone_only,225,stocktwits,degraded,6558,0.7728
2026-08-23T02:46:20+00:00,ci,tone_only,225,bloomberg,live,64,
2026-08-23T02:46:20+00:00,ci,tone_only,225,reddit,live,100,
2026-08-23T02:46:20+00:00,ci,tone_only,225,yahoo,live,3756,
2026-08-23T02:46:20+00:00,ci,tone_only,225,stocktwits,degraded,6557,0.7629
2026-08-24T02:45:09+00:00,ci,tone_only,225,bloomberg,live,85,
2026-08-24T02:45:09+00:00,ci,tone_only,225,reddit,live,100,
2026-08-24T02:45:09+00:00,ci,tone_only,225,yahoo,live,3758,
2026-08-24T02:45:09+00:00,ci,tone_only,225,stocktwits,degraded,6558,0.7554
2026-08-25T02:40:55+00:00,ci,tone_only,225,bloomberg,live,115,
2026-08-25T02:40:55+00:00,ci,tone_only,225,reddit,live,100,
2026-08-25T02:40:55+00:00,ci,tone_only,225,yahoo,live,3793,
2026-08-25T02:40:55+00:00,ci,tone_only,225,stocktwits,degraded,6556,0.7541
2026-08-26T02:46:12+00:00,ci,tone_only,225,bloomberg,live,120,
2026-08-26T02:46:12+00:00,ci,tone_only,225,reddit,live,100,
2026-08-26T02:46:12+00:00,ci,tone_only,225,yahoo,live,3878,
2026-08-26T02:46:12+00:00,ci,tone_only,225,stocktwits,degraded,6558,0.7535
2026-08-27T11:18:19+00:00,ci,tone_only,225,bloomberg,live,120,
2026-08-27T11:18:19+00:00,ci,tone_only,225,reddit,live,100,
2026-08-27T11:18:19+00:00,ci,tone_only,225,yahoo,live,3907,
2026-08-27T11:18:19+00:00,ci,tone_only,225,stocktwits,degraded,6560,0.7837
2026-08-28T12:53:41+00:00,ci,tone_only,225,bloomberg,live,120,
2026-08-28T12:53:41+00:00,ci,tone_only,225,reddit,live,100,
2026-08-28T12:53:41+00:00,ci,tone_only,225,yahoo,live,3929,
2026-08-28T12:53:41+00:00,ci,tone_only,225,stocktwits,degraded,6559,0.8
2026-08-29T07:59:07+00:00,ci,tone_only,225,bloomberg,live,119,
2026-08-29T07:59:07+00:00,ci,tone_only,225,reddit,live,100,
2026-08-29T07:59:07+00:00,ci,tone_only,225,yahoo,live,3978,
2026-08-29T07:59:07+00:00,ci,tone_only,225,stocktwits,degraded,6560,0.7843
2026-08-30T06:44:20+00:00,ci,tone_only,225,bloomberg,live,66,
2026-08-30T06:44:20+00:00,ci,tone_only,225,reddit,live,100,
2026-08-30T06:44:20+00:00,ci,tone_only,225,yahoo,live,3979,
2026-08-30T06:44:20+00:00,ci,tone_only,225,stocktwits,degraded,6559,0.7965
2026-08-31T07:08:39+00:00,ci,tone_only,225,bloomberg,live,94,
2026-08-31T07:08:39+00:00,ci,tone_only,225,reddit,live,100,
2026-08-31T07:08:39+00:00,ci,tone_only,225,yahoo,live,3977,
2026-08-31T07:08:39+00:00,ci,tone_only,225,stocktwits,degraded,6559,0.7749
2026-09-01T06:22:16+00:00,ci,tone_only,225,bloomberg,live,120,
2026-09-01T06:22:16+00:00,ci,tone_only,225,reddit,live,100,
2026-09-01T06:22:16+00:00,ci,tone_only,225,yahoo,live,4003,
2026-09-01T06:22:16+00:00,ci,tone_only,225,stocktwits,degraded,6555,0.7628
2026-09-02T05:55:49+00:00,ci,tone_only,225,bloomberg,live,120,
2026-09-02T05:55:49+00:00,ci,tone_only,225,reddit,live,100,
2026-09-02T05:55:49+00:00,ci,tone_only,225,yahoo,live,4029,
2026-09-02T05:55:49+00:00,ci,tone_only,225,stocktwits,degraded,6555,0.7169
2026-09-03T05:54:20+00:00,ci,tone_only,225,bloomberg,live,120,
2026-09-03T05:54:20+00:00,ci,tone_only,225,reddit,live,100,
2026-09-03T05:54:20+00:00,ci,tone_only,225,yahoo,live,3988,
2026-09-03T05:54:20+00:00,ci,tone_only,225,stocktwits,degraded,6555,0.769
2026-09-04T06:00:20+00:00,ci,tone_only,225,bloomberg,live,120,
2026-09-04T06:00:20+00:00,ci,tone_only,225,reddit,live,100,
2026-09-04T06:00:20+00:00,ci,tone_only,225,yahoo,live,3998,
2026-09-04T06:00:20+00:00,ci,tone_only,225,stocktwits,degraded,6556,0.7758
2026-09-05T05:52:46+00:00,ci,tone_only,225,bloomberg,live,120,
2026-09-05T05:52:46+00:00,ci,tone_only,225,reddit,live,100,
2026-09-05T05:52:46+00:00,ci,tone_only,225,yahoo,live,4052,
2026-09-05T05:52:46+00:00,ci,tone_only,225,stocktwits,degraded,6556,0.7567
2026-09-06T06:05:23+00:00,ci,tone_only,225,bloomberg,live,63,
2026-09-06T06:05:23+00:00,ci,tone_only,225,reddit,live,100,
2026-09-06T06:05:23+00:00,ci,tone_only,225,yahoo,live,4056,
2026-09-06T06:05:23+00:00,ci,tone_only,225,stocktwits,degraded,6553,0.7646
2026-09-07T06:13:19+00:00,ci,tone_only,225,bloomberg,live,79,
2026-09-07T06:13:19+00:00,ci,tone_only,225,reddit,live,100,
2026-09-07T06:13:19+00:00,ci,tone_only,225,yahoo,live,4044,
2026-09-07T06:13:19+00:00,ci,tone_only,225,stocktwits,degraded,6540,0.754
2026-09-08T06:05:12+00:00,ci,tone_only,225,bloomberg,live,120,
2026-09-08T06:05:12+00:00,ci,tone_only,225,reddit,live,100,
2026-09-08T06:05:12+00:00,ci,tone_only,225,yahoo,live,4085,
2026-09-08T06:05:12+00:00,ci,tone_only,225,stocktwits,degraded,6545,0.7553
2026-09-09T06:06:41+00:00,ci,tone_only,225,bloomberg,live,120,
2026-09-09T06:06:41+00:00,ci,tone_only,225,reddit,live,100,
2026-09-09T06:06:41+00:00,ci,tone_only,225,yahoo,live,4072,
2026-09-09T06:06:41+00:00,ci,tone_only,225,stocktwits,degraded,6549,0.752
2026-09-10T06:05:14+00:00,ci,tone_only,225,bloomberg,live,120,
2026-09-10T06:05:14+00:00,ci,tone_only,225,reddit,live,100,
2026-09-10T06:05:14+00:00,ci,tone_only,225,yahoo,live,4067,
2026-09-10T06:05:14+00:00,ci,tone_only,225,stocktwits,degraded,6550,0.7094
2026-09-11T06:05:34+00:00,ci,tone_only,225,bloomberg,live,120,
2026-09-11T06:05:34+00:00,ci,tone_only,225,reddit,live,100,
2026-09-11T06:05:34+00:00,ci,tone_only,225,yahoo,live,4057,
2026-09-11T06:05:34+00:00,ci,tone_only,225,stocktwits,degraded,6552,0.7041
2026-09-12T05:52:59+00:00,ci,tone_only,225,bloomberg,live,120,
2026-09-12T05:52:59+00:00,ci,tone_only,225,reddit,live,100,
2026-09-12T05:52:59+00:00,ci,tone_only,225,yahoo,live,4067,
2026-09-12T05:52:59+00:00,ci,tone_only,225,stocktwits,degraded,6552,0.7568
2026-09-13T06:13:41+00:00,ci,tone_only,225,bloomberg,live,78,
2026-09-13T06:13:41+00:00,ci,tone_only,225,reddit,live,100,
2026-09-13T06:13:41+00:00,ci,tone_only,225,yahoo,live,4049,
2026-09-13T06:13:41+00:00,ci,tone_only,225,stocktwits,degraded,6552,0.7174
2026-09-14T06:22:34+00:00,ci,tone_only,225,bloomberg,live,98,
2026-09-14T06:22:34+00:00,ci,tone_only,225,reddit,live,100,
2026-09-14T06:22:34+00:00,ci,tone_only,225,yahoo,live,4055,
2026-09-14T06:22:34+00:00,ci,tone_only,225,stocktwits,degraded,6553,0.7112
2026-09-15T06:17:14+00:00,ci,tone_only,225,bloomberg,live,120,
2026-09-15T06:17:14+00:00,ci,tone_only,225,reddit,live,100,
2026-09-15T06:17:14+00:00,ci,tone_only,225,yahoo,live,4043,
2026-09-15T06:17:14+00:00,ci,tone_only,225,stocktwits,degraded,6555,0.6979
2026-09-16T06:06:45+00:00,ci,tone_only,225,bloomberg,live,120,
2026-09-16T06:06:45+00:00,ci,tone_only,225,reddit,live,100,
2026-09-16T06:06:45+00:00,ci,tone_only,225,yahoo,live,4065,
2026-09-16T06:06:45+00:00,ci,tone_only,225,stocktwits,degraded,6555,0.6968
2026-09-17T06:14:57+00:00,ci,tone_only,225,bloomberg,live,120,
2026-09-17T06:14:57+00:00,ci,tone_only,225,reddit,live,100,
2026-09-17T06:14:57+00:00,ci,tone_only,225,yahoo,live,4111,
2026-09-17T06:14:57+00:00,ci,tone_only,225,stocktwits,degraded,6555,0.6986
2026-09-18T06:02:15+00:00,ci,tone_only,225,bloomberg,live,120,
2026-09-18T06:02:15+00:00,ci,tone_only,225,reddit,live,100,
2026-09-18T06:02:15+00:00,ci,tone_only,225,yahoo,live,4089,
2026-09-18T06:02:15+00:00,ci,tone_only,225,stocktwits,degraded,6520,0.7201
2026-09-19T05:59:26+00:00,ci,tone_only,225,bloomberg,live,120,
2026-09-19T05:59:26+00:00,ci,tone_only,225,reddit,live,100,
2026-09-19T05:59:26+00:00,ci,tone_only,225,yahoo,live,4129,
2026-09-19T05:59:26+00:00,ci,tone_only,225,stocktwits,degraded,6524,0.7283
2026-09-20T06:20:37+00:00,ci,tone_only,225,bloomberg,live,77,
2026-09-20T06:20:37+00:00,ci,tone_only,225,reddit,live,100,
2026-09-20T06:20:37+00:00,ci,tone_only,225,yahoo,live,4089,
2026-09-20T06:20:37+00:00,ci,tone_only,225,stocktwits,degraded,6522,0.7216
2026-09-21T06:25:24+00:00,ci,tone_only,225,bloomberg,live,97,
2026-09-21T06:25:24+00:00,ci,tone_only,225,reddit,live,100,
2026-09-21T06:25:24+00:00,ci,tone_only,225,yahoo,live,4096,
2026-09-21T06:25:24+00:00,ci,tone_only,225,stocktwits,degraded,6518,0.7153
